X1,X2,X3,X4,X5,X6,X7,X8,Y1,Y2
1.0,0.0,0.2857142857142857,0.0,1.0,0.0,0.0,0.0,15.55,21.33
1.0,0.0,0.2857142857142857,0.0,1.0,0.3333333333333333,0.0,0.0,15.55,21.33
1.0,0.0,0.2857142857142857,0.0,1.0,0.6666666666666666,0.0,0.0,15.55,21.33
1.0,0.0,0.2857142857142857,0.0,1.0,1.0,0.0,0.0,15.55,21.33
0.7777777777777779,0.16666666666666666,0.42857142857142855,0.1111111111111111,1.0,0.0,0.0,0.0,20.84,28.28
0.7777777777777779,0.16666666666666666,0.42857142857142855,0.1111111111111111,1.0,0.3333333333333333,0.0,0.0,21.46,25.38
0.7777777777777779,0.16666666666666666,0.42857142857142855,0.1111111111111111,1.0,0.6666666666666666,0.0,0.0,20.71,25.16
0.7777777777777779,0.16666666666666666,0.42857142857142855,0.1111111111111111,1.0,1.0,0.0,0.0,19.68,29.6
0.6666666666666666,0.25,0.2857142857142857,0.3333333333333333,1.0,0.0,0.0,0.0,19.5,27.3
0.6666666666666666,0.25,0.2857142857142857,0.3333333333333333,1.0,0.3333333333333333,0.0,0.0,19.95,21.97
0.6666666666666666,0.25,0.2857142857142857,0.3333333333333333,1.0,0.6666666666666666,0.0,0.0,19.34,23.49
0.6666666666666666,0.25,0.2857142857142857,0.3333333333333333,1.0,1.0,0.0,0.0,18.31,27.87
0.5555555555555555,0.3333333333333333,0.42857142857142855,0.3333333333333333,1.0,0.0,0.0,0.0,17.05,23.77
0.5555555555555555,0.3333333333333333,0.42857142857142855,0.3333333333333333,1.0,0.3333333333333333,0.0,0.0,17.41,21.46
0.5555555555555555,0.3333333333333333,0.42857142857142855,0.3333333333333333,1.0,0.6666666666666666,0.0,0.0,16.95,21.16
0.5555555555555555,0.3333333333333333,0.42857142857142855,0.3333333333333333,1.0,1.0,0.0,0.0,15.98,24.93
0.4722222222222224,0.4166666666666667,0.5714285714285714,0.3333333333333333,1.0,0.0,0.0,0.0,28.52,37.73
0.4722222222222224,0.4166666666666667,0.5714285714285714,0.3333333333333333,1.0,0.3333333333333333,0.0,0.0,29.9,31.27
0.4722222222222224,0.4166666666666667,0.5714285714285714,0.3333333333333333,1.0,0.6666666666666666,0.0,0.0,29.63,30.93
0.4722222222222224,0.4166666666666667,0.5714285714285714,0.3333333333333333,1.0,1.0,0.0,0.0,28.75,39.44
0.38888888888888895,0.5,1.0,0.1111111111111111,1.0,0.0,0.0,0.0,24.77,29.79
0.38888888888888895,0.5,1.0,0.1111111111111111,1.0,0.3333333333333333,0.0,0.0,23.93,29.68
0.38888888888888895,0.5,1.0,0.1111111111111111,1.0,0.6666666666666666,0.0,0.0,24.77,29.79
0.38888888888888895,0.5,1.0,0.1111111111111111,1.0,1.0,0.0,0.0,23.93,29.4
0.3333333333333333,0.5833333333333334,0.0,1.0,0.0,0.0,0.0,0.0,6.07,10.9
0.3333333333333333,0.5833333333333334,0.0,1.0,0.0,0.3333333333333333,0.0,0.0,6.05,11.19
0.3333333333333333,0.5833333333333334,0.0,1.0,0.0,0.6666666666666666,0.0,0.0,6.01,10.94
0.3333333333333333,0.5833333333333334,0.0,1.0,0.0,1.0,0.0,0.0,6.04,11.17
0.24999999999999992,0.6666666666666666,0.14285714285714285,1.0,0.0,0.0,0.0,0.0,6.37,11.27
0.24999999999999992,0.6666666666666666,0.14285714285714285,1.0,0.0,0.3333333333333333,0.0,0.0,6.4,11.72
0.24999999999999992,0.6666666666666666,0.14285714285714285,1.0,0.0,0.6666666666666666,0.0,0.0,6.37,11.29
0.24999999999999992,0.6666666666666666,0.14285714285714285,1.0,0.0,1.0,0.0,0.0,6.4,11.67
0.1944444444444443,0.75,0.2857142857142857,1.0,0.0,0.0,0.0,0.0,6.85,11.74
0.1944444444444443,0.75,0.2857142857142857,1.0,0.0,0.3333333333333333,0.0,0.0,6.79,12.05
0.1944444444444443,0.75,0.2857142857142857,1.0,0.0,0.6666666666666666,0.0,0.0,6.77,11.73
0.1944444444444443,0.75,0.2857142857142857,1.0,0.0,1.0,0.0,0.0,6.81,11.93
0.11111111111111122,0.8333333333333334,0.42857142857142855,1.0,0.0,0.0,0.0,0.0,7.18,12.4
0.11111111111111122,0.8333333333333334,0.42857142857142855,1.0,0.0,0.3333333333333333,0.0,0.0,7.1,12.23
0.11111111111111122,0.8333333333333334,0.42857142857142855,1.0,0.0,0.6666666666666666,0.0,0.0,7.1,12.4
0.11111111111111122,0.8333333333333334,0.42857142857142855,1.0,0.0,1.0,0.0,0.0,7.1,12.14
0.05555555555555561,0.9166666666666666,0.5714285714285714,1.0,0.0,0.0,0.0,0.0,10.85,16.78
0.05555555555555561,0.9166666666666666,0.5714285714285714,1.0,0.0,0.3333333333333333,0.0,0.0,10.54,16.8
0.05555555555555561,0.9166666666666666,0.5714285714285714,1.0,0.0,0.6666666666666666,0.0,0.0,10.77,16.75
0.05555555555555561,0.9166666666666666,0.5714285714285714,1.0,0.0,1.0,0.0,0.0,10.56,16.67
0.0,1.0,0.7142857142857143,1.0,0.0,0.0,0.0,0.0,8.6,12.07
0.0,1.0,0.7142857142857143,1.0,0.0,0.3333333333333333,0.0,0.0,8.49,12.22
0.0,1.0,0.7142857142857143,1.0,0.0,0.6666666666666666,0.0,0.0,8.45,12.08
0.0,1.0,0.7142857142857143,1.0,0.0,1.0,0.0,0.0,8.5,12.04
1.0,0.0,0.2857142857142857,0.0,1.0,0.0,0.25,0.2,24.58,26.47
1.0,0.0,0.2857142857142857,0.0,1.0,0.3333333333333333,0.25,0.2,24.63,26.37
1.0,0.0,0.2857142857142857,0.0,1.0,0.6666666666666666,0.25,0.2,24.63,26.44
1.0,0.0,0.2857142857142857,0.0,1.0,1.0,0.25,0.2,24.59,26.29
0.7777777777777779,0.16666666666666666,0.42857142857142855,0.1111111111111111,1.0,0.0,0.25,0.2,29.03,32.92
0.7777777777777779,0.16666666666666666,0.42857142857142855,0.1111111111111111,1.0,0.3333333333333333,0.25,0.2,29.87,29.87
0.7777777777777779,0.16666666666666666,0.42857142857142855,0.1111111111111111,1.0,0.6666666666666666,0.25,0.2,29.14,29.58
0.7777777777777779,0.16666666666666666,0.42857142857142855,0.1111111111111111,1.0,1.0,0.25,0.2,28.09,34.33
0.6666666666666666,0.25,0.2857142857142857,0.3333333333333333,1.0,0.0,0.25,0.2,26.28,30.89
0.6666666666666666,0.25,0.2857142857142857,0.3333333333333333,1.0,0.3333333333333333,0.25,0.2,26.91,25.6
0.6666666666666666,0.25,0.2857142857142857,0.3333333333333333,1.0,0.6666666666666666,0.25,0.2,26.37,27.03
0.6666666666666666,0.25,0.2857142857142857,0.3333333333333333,1.0,1.0,0.25,0.2,25.27,31.73
0.5555555555555555,0.3333333333333333,0.42857142857142855,0.3333333333333333,1.0,0.0,0.25,0.2,23.53,27.31
0.5555555555555555,0.3333333333333333,0.42857142857142855,0.3333333333333333,1.0,0.3333333333333333,0.25,0.2,24.03,24.91
0.5555555555555555,0.3333333333333333,0.42857142857142855,0.3333333333333333,1.0,0.6666666666666666,0.25,0.2,23.54,24.61
0.5555555555555555,0.3333333333333333,0.42857142857142855,0.3333333333333333,1.0,1.0,0.25,0.2,22.58,28.51
0.4722222222222224,0.4166666666666667,0.5714285714285714,0.3333333333333333,1.0,0.0,0.25,0.2,35.56,41.68
0.4722222222222224,0.4166666666666667,0.5714285714285714,0.3333333333333333,1.0,0.3333333333333333,0.25,0.2,37.12,35.28
0.4722222222222224,0.4166666666666667,0.5714285714285714,0.3333333333333333,1.0,0.6666666666666666,0.25,0.2,36.9,34.43
0.4722222222222224,0.4166666666666667,0.5714285714285714,0.3333333333333333,1.0,1.0,0.25,0.2,35.94,43.33
0.38888888888888895,0.5,1.0,0.1111111111111111,1.0,0.0,0.25,0.2,32.96,33.87
0.38888888888888895,0.5,1.0,0.1111111111111111,1.0,0.3333333333333333,0.25,0.2,32.12,34.07
0.38888888888888895,0.5,1.0,0.1111111111111111,1.0,0.6666666666666666,0.25,0.2,32.94,34.14
0.38888888888888895,0.5,1.0,0.1111111111111111,1.0,1.0,0.25,0.2,32.21,33.67
0.3333333333333333,0.5833333333333334,0.0,1.0,0.0,0.0,0.25,0.2,10.36,13.43
0.3333333333333333,0.5833333333333334,0.0,1.0,0.0,0.3333333333333333,0.25,0.2,10.43,13.71
0.3333333333333333,0.5833333333333334,0.0,1.0,0.0,0.6666666666666666,0.25,0.2,10.36,13.48
0.3333333333333333,0.5833333333333334,0.0,1.0,0.0,1.0,0.25,0.2,10.39,13.7
0.24999999999999992,0.6666666666666666,0.14285714285714285,1.0,0.0,0.0,0.25,0.2,10.71,13.8
0.24999999999999992,0.6666666666666666,0.14285714285714285,1.0,0.0,0.3333333333333333,0.25,0.2,10.8,14.28
0.24999999999999992,0.6666666666666666,0.14285714285714285,1.0,0.0,0.6666666666666666,0.25,0.2,10.7,13.87
0.24999999999999992,0.6666666666666666,0.14285714285714285,1.0,0.0,1.0,0.25,0.2,10.75,14.27
0.1944444444444443,0.75,0.2857142857142857,1.0,0.0,0.0,0.25,0.2,11.11,14.28
0.1944444444444443,0.75,0.2857142857142857,1.0,0.0,0.3333333333333333,0.25,0.2,11.13,14.61
0.1944444444444443,0.75,0.2857142857142857,1.0,0.0,0.6666666666666666,0.25,0.2,11.09,14.3
0.1944444444444443,0.75,0.2857142857142857,1.0,0.0,1.0,0.25,0.2,11.16,14.45
0.11111111111111122,0.8333333333333334,0.42857142857142855,1.0,0.0,0.0,0.25,0.2,11.68,13.9
0.11111111111111122,0.8333333333333334,0.42857142857142855,1.0,0.0,0.3333333333333333,0.25,0.2,11.69,13.72
0.11111111111111122,0.8333333333333334,0.42857142857142855,1.0,0.0,0.6666666666666666,0.25,0.2,11.7,13.88
0.11111111111111122,0.8333333333333334,0.42857142857142855,1.0,0.0,1.0,0.25,0.2,11.69,13.65
0.05555555555555561,0.9166666666666666,0.5714285714285714,1.0,0.0,0.0,0.25,0.2,15.41,19.37
0.05555555555555561,0.9166666666666666,0.5714285714285714,1.0,0.0,0.3333333333333333,0.25,0.2,15.2,19.43
0.05555555555555561,0.9166666666666666,0.5714285714285714,1.0,0.0,0.6666666666666666,0.25,0.2,15.42,19.34
0.05555555555555561,0.9166666666666666,0.5714285714285714,1.0,0.0,1.0,0.25,0.2,15.21,19.32
0.0,1.0,0.7142857142857143,1.0,0.0,0.0,0.25,0.2,12.96,14.34
0.0,1.0,0.7142857142857143,1.0,0.0,0.3333333333333333,0.25,0.2,12.97,14.5
0.0,1.0,0.7142857142857143,1.0,0.0,0.6666666666666666,0.25,0.2,12.93,14.33
0.0,1.0,0.7142857142857143,1.0,0.0,1.0,0.25,0.2,13.02,14.27
1.0,0.0,0.2857142857142857,0.0,1.0,0.0,0.25,0.4,24.29,25.95
1.0,0.0,0.2857142857142857,0.0,1.0,0.3333333333333333,0.25,0.4,24.31,25.63
1.0,0.0,0.2857142857142857,0.0,1.0,0.6666666666666666,0.25,0.4,24.13,26.13
1.0,0.0,0.2857142857142857,0.0,1.0,1.0,0.25,0.4,24.25,25.89
0.7777777777777779,0.16666666666666666,0.42857142857142855,0.1111111111111111,1.0,0.0,0.25,0.4,28.88,32.54
0.7777777777777779,0.16666666666666666,0.42857142857142855,0.1111111111111111,1.0,0.3333333333333333,0.25,0.4,29.68,29.44
0.7777777777777779,0.16666666666666666,0.42857142857142855,0.1111111111111111,1.0,0.6666666666666666,0.25,0.4,28.83,29.36
0.7777777777777779,0.16666666666666666,0.42857142857142855,0.1111111111111111,1.0,1.0,0.25,0.4,27.9,34.2
0.6666666666666666,0.25,0.2857142857142857,0.3333333333333333,1.0,0.0,0.25,0.4,26.48,30.91
0.6666666666666666,0.25,0.2857142857142857,0.3333333333333333,1.0,0.3333333333333333,0.25,0.4,27.02,25.63
0.6666666666666666,0.25,0.2857142857142857,0.3333333333333333,1.0,0.6666666666666666,0.25,0.4,26.33,27.36
0.6666666666666666,0.25,0.2857142857142857,0.3333333333333333,1.0,1.0,0.25,0.4,25.36,31.9
0.5555555555555555,0.3333333333333333,0.42857142857142855,0.3333333333333333,1.0,0.0,0.25,0.4,23.75,27.38
0.5555555555555555,0.3333333333333333,0.42857142857142855,0.3333333333333333,1.0,0.3333333333333333,0.25,0.4,24.23,25.02
0.5555555555555555,0.3333333333333333,0.42857142857142855,0.3333333333333333,1.0,0.6666666666666666,0.25,0.4,23.67,24.8
0.5555555555555555,0.3333333333333333,0.42857142857142855,0.3333333333333333,1.0,1.0,0.25,0.4,22.79,28.79
0.4722222222222224,0.4166666666666667,0.5714285714285714,0.3333333333333333,1.0,0.0,0.25,0.4,35.65,41.07
0.4722222222222224,0.4166666666666667,0.5714285714285714,0.3333333333333333,1.0,0.3333333333333333,0.25,0.4,37.26,34.62
0.4722222222222224,0.4166666666666667,0.5714285714285714,0.3333333333333333,1.0,0.6666666666666666,0.25,0.4,36.97,33.87
0.4722222222222224,0.4166666666666667,0.5714285714285714,0.3333333333333333,1.0,1.0,0.25,0.4,36.03,42.86
0.38888888888888895,0.5,1.0,0.1111111111111111,1.0,0.0,0.25,0.4,33.16,33.91
0.38888888888888895,0.5,1.0,0.1111111111111111,1.0,0.3333333333333333,0.25,0.4,32.4,34.07
0.38888888888888895,0.5,1.0,0.1111111111111111,1.0,0.6666666666666666,0.25,0.4,33.12,34.17
0.38888888888888895,0.5,1.0,0.1111111111111111,1.0,1.0,0.25,0.4,32.41,33.78
0.3333333333333333,0.5833333333333334,0.0,1.0,0.0,0.0,0.25,0.4,10.42,13.39
0.3333333333333333,0.5833333333333334,0.0,1.0,0.0,0.3333333333333333,0.25,0.4,10.46,13.72
0.3333333333333333,0.5833333333333334,0.0,1.0,0.0,0.6666666666666666,0.25,0.4,10.32,13.57
0.3333333333333333,0.5833333333333334,0.0,1.0,0.0,1.0,0.25,0.4,10.45,13.79
0.24999999999999992,0.6666666666666666,0.14285714285714285,1.0,0.0,0.0,0.25,0.4,10.64,13.67
0.24999999999999992,0.6666666666666666,0.14285714285714285,1.0,0.0,0.3333333333333333,0.25,0.4,10.72,14.11
0.24999999999999992,0.6666666666666666,0.14285714285714285,1.0,0.0,0.6666666666666666,0.25,0.4,10.55,13.8
0.24999999999999992,0.6666666666666666,0.14285714285714285,1.0,0.0,1.0,0.25,0.4,10.68,14.21
0.1944444444444443,0.75,0.2857142857142857,1.0,0.0,0.0,0.25,0.4,11.45,13.2
0.1944444444444443,0.75,0.2857142857142857,1.0,0.0,0.3333333333333333,0.25,0.4,11.46,13.54
0.1944444444444443,0.75,0.2857142857142857,1.0,0.0,0.6666666666666666,0.25,0.4,11.32,13.32
0.1944444444444443,0.75,0.2857142857142857,1.0,0.0,1.0,0.25,0.4,11.49,13.51
0.11111111111111122,0.8333333333333334,0.42857142857142855,1.0,0.0,0.0,0.25,0.4,11.45,14.86
0.11111111111111122,0.8333333333333334,0.42857142857142855,1.0,0.0,0.3333333333333333,0.25,0.4,11.42,14.75
0.11111111111111122,0.8333333333333334,0.42857142857142855,1.0,0.0,0.6666666666666666,0.25,0.4,11.33,15.0
0.11111111111111122,0.8333333333333334,0.42857142857142855,1.0,0.0,1.0,0.25,0.4,11.43,14.74
0.05555555555555561,0.9166666666666666,0.5714285714285714,1.0,0.0,0.0,0.25,0.4,15.41,19.23
0.05555555555555561,0.9166666666666666,0.5714285714285714,1.0,0.0,0.3333333333333333,0.25,0.4,15.18,19.34
0.05555555555555561,0.9166666666666666,0.5714285714285714,1.0,0.0,0.6666666666666666,0.25,0.4,15.34,19.32
0.05555555555555561,0.9166666666666666,0.5714285714285714,1.0,0.0,1.0,0.25,0.4,15.19,19.3
0.0,1.0,0.7142857142857143,1.0,0.0,0.0,0.25,0.4,12.88,14.37
0.0,1.0,0.7142857142857143,1.0,0.0,0.3333333333333333,0.25,0.4,13.0,14.57
0.0,1.0,0.7142857142857143,1.0,0.0,0.6666666666666666,0.25,0.4,12.97,14.27
0.0,1.0,0.7142857142857143,1.0,0.0,1.0,0.25,0.4,13.04,14.24
1.0,0.0,0.2857142857142857,0.0,1.0,0.0,0.25,0.6,24.28,25.68
1.0,0.0,0.2857142857142857,0.0,1.0,0.3333333333333333,0.25,0.6,24.4,26.02
1.0,0.0,0.2857142857142857,0.0,1.0,0.6666666666666666,0.25,0.6,24.11,25.84
1.0,0.0,0.2857142857142857,0.0,1.0,1.0,0.25,0.6,24.35,26.14
0.7777777777777779,0.16666666666666666,0.42857142857142855,0.1111111111111111,1.0,0.0,0.25,0.6,28.07,34.14
0.7777777777777779,0.16666666666666666,0.42857142857142855,0.1111111111111111,1.0,0.3333333333333333,0.25,0.6,29.01,32.85
0.7777777777777779,0.16666666666666666,0.42857142857142855,0.1111111111111111,1.0,0.6666666666666666,0.25,0.6,29.62,30.08
0.7777777777777779,0.16666666666666666,0.42857142857142855,0.1111111111111111,1.0,1.0,0.25,0.6,29.05,29.67
0.6666666666666666,0.25,0.2857142857142857,0.3333333333333333,1.0,0.0,0.25,0.6,25.41,31.73
0.6666666666666666,0.25,0.2857142857142857,0.3333333333333333,1.0,0.3333333333333333,0.25,0.6,26.47,31.01
0.6666666666666666,0.25,0.2857142857142857,0.3333333333333333,1.0,0.6666666666666666,0.25,0.6,26.89,25.9
0.6666666666666666,0.25,0.2857142857142857,0.3333333333333333,1.0,1.0,0.25,0.6,26.46,27.4
0.5555555555555555,0.3333333333333333,0.42857142857142855,0.3333333333333333,1.0,0.0,0.25,0.6,22.93,28.68
0.5555555555555555,0.3333333333333333,0.42857142857142855,0.3333333333333333,1.0,0.3333333333333333,0.25,0.6,23.84,27.54
0.5555555555555555,0.3333333333333333,0.42857142857142855,0.3333333333333333,1.0,0.6666666666666666,0.25,0.6,24.17,25.35
0.5555555555555555,0.3333333333333333,0.42857142857142855,0.3333333333333333,1.0,1.0,0.25,0.6,23.87,24.93
0.4722222222222224,0.4166666666666667,0.5714285714285714,0.3333333333333333,1.0,0.0,0.25,0.6,35.78,43.12
0.4722222222222224,0.4166666666666667,0.5714285714285714,0.3333333333333333,1.0,0.3333333333333333,0.25,0.6,35.48,41.22
0.4722222222222224,0.4166666666666667,0.5714285714285714,0.3333333333333333,1.0,0.6666666666666666,0.25,0.6,36.97,35.1
0.4722222222222224,0.4166666666666667,0.5714285714285714,0.3333333333333333,1.0,1.0,0.25,0.6,36.7,34.29
0.38888888888888895,0.5,1.0,0.1111111111111111,1.0,0.0,0.25,0.6,32.52,33.85
0.38888888888888895,0.5,1.0,0.1111111111111111,1.0,0.3333333333333333,0.25,0.6,33.28,34.11
0.38888888888888895,0.5,1.0,0.1111111111111111,1.0,0.6666666666666666,0.25,0.6,32.33,34.48
0.38888888888888895,0.5,1.0,0.1111111111111111,1.0,1.0,0.25,0.6,33.24,34.5
0.3333333333333333,0.5833333333333334,0.0,1.0,0.0,0.0,0.25,0.6,10.39,13.6
0.3333333333333333,0.5833333333333334,0.0,1.0,0.0,0.3333333333333333,0.25,0.6,10.34,13.36
0.3333333333333333,0.5833333333333334,0.0,1.0,0.0,0.6666666666666666,0.25,0.6,10.35,13.65
0.3333333333333333,0.5833333333333334,0.0,1.0,0.0,1.0,0.25,0.6,10.38,13.49
0.24999999999999992,0.6666666666666666,0.14285714285714285,1.0,0.0,0.0,0.25,0.6,10.77,14.14
0.24999999999999992,0.6666666666666666,0.14285714285714285,1.0,0.0,0.3333333333333333,0.25,0.6,10.68,13.77
0.24999999999999992,0.6666666666666666,0.14285714285714285,1.0,0.0,0.6666666666666666,0.25,0.6,10.68,14.3
0.24999999999999992,0.6666666666666666,0.14285714285714285,1.0,0.0,1.0,0.25,0.6,10.7,13.87
0.1944444444444443,0.75,0.2857142857142857,1.0,0.0,0.0,0.25,0.6,11.22,14.44
0.1944444444444443,0.75,0.2857142857142857,1.0,0.0,0.3333333333333333,0.25,0.6,11.16,14.27
0.1944444444444443,0.75,0.2857142857142857,1.0,0.0,0.6666666666666666,0.25,0.6,11.1,14.67
0.1944444444444443,0.75,0.2857142857142857,1.0,0.0,1.0,0.25,0.6,11.14,14.4
0.11111111111111122,0.8333333333333334,0.42857142857142855,1.0,0.0,0.0,0.25,0.6,11.59,13.46
0.11111111111111122,0.8333333333333334,0.42857142857142855,1.0,0.0,0.3333333333333333,0.25,0.6,11.6,13.7
0.11111111111111122,0.8333333333333334,0.42857142857142855,1.0,0.0,0.6666666666666666,0.25,0.6,11.53,13.59
0.11111111111111122,0.8333333333333334,0.42857142857142855,1.0,0.0,1.0,0.25,0.6,11.61,13.83
0.05555555555555561,0.9166666666666666,0.5714285714285714,1.0,0.0,0.0,0.25,0.6,15.16,19.14
0.05555555555555561,0.9166666666666666,0.5714285714285714,1.0,0.0,0.3333333333333333,0.25,0.6,15.36,19.18
0.05555555555555561,0.9166666666666666,0.5714285714285714,1.0,0.0,0.6666666666666666,0.25,0.6,15.12,19.37
0.05555555555555561,0.9166666666666666,0.5714285714285714,1.0,0.0,1.0,0.25,0.6,15.36,19.29
0.0,1.0,0.7142857142857143,1.0,0.0,0.0,0.25,0.6,12.68,14.09
0.0,1.0,0.7142857142857143,1.0,0.0,0.3333333333333333,0.25,0.6,12.63,14.23
0.0,1.0,0.7142857142857143,1.0,0.0,0.6666666666666666,0.25,0.6,12.71,14.14
0.0,1.0,0.7142857142857143,1.0,0.0,1.0,0.25,0.6,12.73,13.89
1.0,0.0,0.2857142857142857,0.0,1.0,0.0,0.25,0.8,24.38,25.91
1.0,0.0,0.2857142857142857,0.0,1.0,0.3333333333333333,0.25,0.8,24.23,25.72
1.0,0.0,0.2857142857142857,0.0,1.0,0.6666666666666666,0.25,0.8,24.04,26.18
1.0,0.0,0.2857142857142857,0.0,1.0,1.0,0.25,0.8,24.32,25.87
0.7777777777777779,0.16666666666666666,0.42857142857142855,0.1111111111111111,1.0,0.0,0.25,0.8,29.06,29.34
0.7777777777777779,0.16666666666666666,0.42857142857142855,0.1111111111111111,1.0,0.3333333333333333,0.25,0.8,28.05,33.91
0.7777777777777779,0.16666666666666666,0.42857142857142855,0.1111111111111111,1.0,0.6666666666666666,0.25,0.8,28.86,32.83
0.7777777777777779,0.16666666666666666,0.42857142857142855,0.1111111111111111,1.0,1.0,0.25,0.8,29.79,29.92
0.6666666666666666,0.25,0.2857142857142857,0.3333333333333333,1.0,0.0,0.25,0.8,26.44,27.17
0.6666666666666666,0.25,0.2857142857142857,0.3333333333333333,1.0,0.3333333333333333,0.25,0.8,25.37,31.76
0.6666666666666666,0.25,0.2857142857142857,0.3333333333333333,1.0,0.6666666666666666,0.25,0.8,26.33,31.06
0.6666666666666666,0.25,0.2857142857142857,0.3333333333333333,1.0,1.0,0.25,0.8,27.03,25.81
0.5555555555555555,0.3333333333333333,0.42857142857142855,0.3333333333333333,1.0,0.0,0.25,0.8,23.8,24.61
0.5555555555555555,0.3333333333333333,0.42857142857142855,0.3333333333333333,1.0,0.3333333333333333,0.25,0.8,22.8,28.61
0.5555555555555555,0.3333333333333333,0.42857142857142855,0.3333333333333333,1.0,0.6666666666666666,0.25,0.8,23.59,27.57
0.5555555555555555,0.3333333333333333,0.42857142857142855,0.3333333333333333,1.0,1.0,0.25,0.8,24.24,25.16
0.4722222222222224,0.4166666666666667,0.5714285714285714,0.3333333333333333,1.0,0.0,0.25,0.8,36.86,34.25
0.4722222222222224,0.4166666666666667,0.5714285714285714,0.3333333333333333,1.0,0.3333333333333333,0.25,0.8,35.89,43.3
0.4722222222222224,0.4166666666666667,0.5714285714285714,0.3333333333333333,1.0,0.6666666666666666,0.25,0.8,35.45,41.86
0.4722222222222224,0.4166666666666667,0.5714285714285714,0.3333333333333333,1.0,1.0,0.25,0.8,37.1,35.29
0.38888888888888895,0.5,1.0,0.1111111111111111,1.0,0.0,0.25,0.8,33.08,34.11
0.38888888888888895,0.5,1.0,0.1111111111111111,1.0,0.3333333333333333,0.25,0.8,32.38,33.62
0.38888888888888895,0.5,1.0,0.1111111111111111,1.0,0.6666666666666666,0.25,0.8,33.09,33.89
0.38888888888888895,0.5,1.0,0.1111111111111111,1.0,1.0,0.25,0.8,32.31,34.05
0.3333333333333333,0.5833333333333334,0.0,1.0,0.0,0.0,0.25,0.8,10.08,13.2
0.3333333333333333,0.5833333333333334,0.0,1.0,0.0,0.3333333333333333,0.25,0.8,10.15,13.36
0.3333333333333333,0.5833333333333334,0.0,1.0,0.0,0.6666666666666666,0.25,0.8,10.07,13.21
0.3333333333333333,0.5833333333333334,0.0,1.0,0.0,1.0,0.25,0.8,10.14,13.53
0.24999999999999992,0.6666666666666666,0.14285714285714285,1.0,0.0,0.0,0.25,0.8,10.66,13.67
0.24999999999999992,0.6666666666666666,0.14285714285714285,1.0,0.0,0.3333333333333333,0.25,0.8,10.68,14.12
0.24999999999999992,0.6666666666666666,0.14285714285714285,1.0,0.0,0.6666666666666666,0.25,0.8,10.53,13.79
0.24999999999999992,0.6666666666666666,0.14285714285714285,1.0,0.0,1.0,0.25,0.8,10.72,14.2
0.1944444444444443,0.75,0.2857142857142857,1.0,0.0,0.0,0.25,0.8,11.18,14.29
0.1944444444444443,0.75,0.2857142857142857,1.0,0.0,0.3333333333333333,0.25,0.8,11.22,14.49
0.1944444444444443,0.75,0.2857142857142857,1.0,0.0,0.6666666666666666,0.25,0.8,11.07,14.42
0.1944444444444443,0.75,0.2857142857142857,1.0,0.0,1.0,0.25,0.8,11.2,14.73
0.11111111111111122,0.8333333333333334,0.42857142857142855,1.0,0.0,0.0,0.25,0.8,11.44,14.86
0.11111111111111122,0.8333333333333334,0.42857142857142855,1.0,0.0,0.3333333333333333,0.25,0.8,11.42,14.67
0.11111111111111122,0.8333333333333334,0.42857142857142855,1.0,0.0,0.6666666666666666,0.25,0.8,11.33,15.0
0.11111111111111122,0.8333333333333334,0.42857142857142855,1.0,0.0,1.0,0.25,0.8,11.43,14.83
0.05555555555555561,0.9166666666666666,0.5714285714285714,1.0,0.0,0.0,0.25,0.8,15.4,19.24
0.05555555555555561,0.9166666666666666,0.5714285714285714,1.0,0.0,0.3333333333333333,0.25,0.8,15.19,19.25
0.05555555555555561,0.9166666666666666,0.5714285714285714,1.0,0.0,0.6666666666666666,0.25,0.8,15.32,19.42
0.05555555555555561,0.9166666666666666,0.5714285714285714,1.0,0.0,1.0,0.25,0.8,15.16,19.48
0.0,1.0,0.7142857142857143,1.0,0.0,0.0,0.25,0.8,12.85,14.37
0.0,1.0,0.7142857142857143,1.0,0.0,0.3333333333333333,0.25,0.8,13.04,14.34
0.0,1.0,0.7142857142857143,1.0,0.0,0.6666666666666666,0.25,0.8,13.0,14.28
0.0,1.0,0.7142857142857143,1.0,0.0,1.0,0.25,0.8,13.0,14.47
1.0,0.0,0.2857142857142857,0.0,1.0,0.0,0.25,1.0,24.35,25.64
1.0,0.0,0.2857142857142857,0.0,1.0,0.3333333333333333,0.25,1.0,24.33,25.98
1.0,0.0,0.2857142857142857,0.0,1.0,0.6666666666666666,0.25,1.0,24.03,25.88
1.0,0.0,0.2857142857142857,0.0,1.0,1.0,0.25,1.0,24.26,26.18
0.7777777777777779,0.16666666666666666,0.42857142857142855,0.1111111111111111,1.0,0.0,0.25,1.0,29.83,29.82
0.7777777777777779,0.16666666666666666,0.42857142857142855,0.1111111111111111,1.0,0.3333333333333333,0.25,1.0,29.08,29.52
0.7777777777777779,0.16666666666666666,0.42857142857142855,0.1111111111111111,1.0,0.6666666666666666,0.25,1.0,28.03,34.45
0.7777777777777779,0.16666666666666666,0.42857142857142855,0.1111111111111111,1.0,1.0,0.25,1.0,29.02,33.01
0.6666666666666666,0.25,0.2857142857142857,0.3333333333333333,1.0,0.0,0.25,1.0,27.03,25.82
0.6666666666666666,0.25,0.2857142857142857,0.3333333333333333,1.0,0.3333333333333333,0.25,1.0,26.45,27.33
0.6666666666666666,0.25,0.2857142857142857,0.3333333333333333,1.0,0.6666666666666666,0.25,1.0,25.36,32.04
0.6666666666666666,0.25,0.2857142857142857,0.3333333333333333,1.0,1.0,0.25,1.0,26.45,31.28
0.5555555555555555,0.3333333333333333,0.42857142857142855,0.3333333333333333,1.0,0.0,0.25,1.0,24.37,25.11
0.5555555555555555,0.3333333333333333,0.42857142857142855,0.3333333333333333,1.0,0.3333333333333333,0.25,1.0,23.89,24.77
0.5555555555555555,0.3333333333333333,0.42857142857142855,0.3333333333333333,1.0,0.6666666666666666,0.25,1.0,22.89,28.88
0.5555555555555555,0.3333333333333333,0.42857142857142855,0.3333333333333333,1.0,1.0,0.25,1.0,23.86,27.69
0.4722222222222224,0.4166666666666667,0.5714285714285714,0.3333333333333333,1.0,0.0,0.25,1.0,37.03,34.99
0.4722222222222224,0.4166666666666667,0.5714285714285714,0.3333333333333333,1.0,0.3333333333333333,0.25,1.0,36.71,34.18
0.4722222222222224,0.4166666666666667,0.5714285714285714,0.3333333333333333,1.0,0.6666666666666666,0.25,1.0,36.77,43.14
0.4722222222222224,0.4166666666666667,0.5714285714285714,0.3333333333333333,1.0,1.0,0.25,1.0,35.48,41.26
0.38888888888888895,0.5,1.0,0.1111111111111111,1.0,0.0,0.25,1.0,32.31,34.25
0.38888888888888895,0.5,1.0,0.1111111111111111,1.0,0.3333333333333333,0.25,1.0,33.21,34.35
0.38888888888888895,0.5,1.0,0.1111111111111111,1.0,0.6666666666666666,0.25,1.0,32.46,33.64
0.38888888888888895,0.5,1.0,0.1111111111111111,1.0,1.0,0.25,1.0,33.27,33.88
0.3333333333333333,0.5833333333333334,0.0,1.0,0.0,0.0,0.25,1.0,10.47,13.65
0.3333333333333333,0.5833333333333334,0.0,1.0,0.0,0.3333333333333333,0.25,1.0,10.37,13.44
0.3333333333333333,0.5833333333333334,0.0,1.0,0.0,0.6666666666666666,0.25,1.0,10.34,13.72
0.3333333333333333,0.5833333333333334,0.0,1.0,0.0,1.0,0.25,1.0,10.39,13.5
0.24999999999999992,0.6666666666666666,0.14285714285714285,1.0,0.0,0.0,0.25,1.0,10.78,14.18
0.24999999999999992,0.6666666666666666,0.14285714285714285,1.0,0.0,0.3333333333333333,0.25,1.0,10.7,13.75
0.24999999999999992,0.6666666666666666,0.14285714285714285,1.0,0.0,0.6666666666666666,0.25,1.0,10.67,14.26
0.24999999999999992,0.6666666666666666,0.14285714285714285,1.0,0.0,1.0,0.25,1.0,13.69,13.89
0.1944444444444443,0.75,0.2857142857142857,1.0,0.0,0.0,0.25,1.0,11.21,14.55
0.1944444444444443,0.75,0.2857142857142857,1.0,0.0,0.3333333333333333,0.25,1.0,11.14,14.28
0.1944444444444443,0.75,0.2857142857142857,1.0,0.0,0.6666666666666666,0.25,1.0,11.11,14.46
0.1944444444444443,0.75,0.2857142857142857,1.0,0.0,1.0,0.25,1.0,11.16,14.39
0.11111111111111122,0.8333333333333334,0.42857142857142855,1.0,0.0,0.0,0.25,1.0,11.38,14.54
0.11111111111111122,0.8333333333333334,0.42857142857142855,1.0,0.0,0.3333333333333333,0.25,1.0,11.34,14.81
0.11111111111111122,0.8333333333333334,0.42857142857142855,1.0,0.0,0.6666666666666666,0.25,1.0,11.22,14.65
0.11111111111111122,0.8333333333333334,0.42857142857142855,1.0,0.0,1.0,0.25,1.0,11.34,14.87
0.05555555555555561,0.9166666666666666,0.5714285714285714,1.0,0.0,0.0,0.25,1.0,15.16,19.24
0.05555555555555561,0.9166666666666666,0.5714285714285714,1.0,0.0,0.3333333333333333,0.25,1.0,15.37,19.18
0.05555555555555561,0.9166666666666666,0.5714285714285714,1.0,0.0,0.6666666666666666,0.25,1.0,15.12,19.26
0.05555555555555561,0.9166666666666666,0.5714285714285714,1.0,0.0,1.0,0.25,1.0,15.36,19.29
0.0,1.0,0.7142857142857143,1.0,0.0,0.0,0.25,1.0,12.59,14.24
0.0,1.0,0.7142857142857143,1.0,0.0,0.3333333333333333,0.25,1.0,12.74,13.97
0.0,1.0,0.7142857142857143,1.0,0.0,0.6666666666666666,0.25,1.0,12.8,13.99
0.0,1.0,0.7142857142857143,1.0,0.0,1.0,0.25,1.0,12.62,14.15
1.0,0.0,0.2857142857142857,0.0,1.0,0.0,0.625,0.2,28.15,29.79
1.0,0.0,0.2857142857142857,0.0,1.0,0.3333333333333333,0.625,0.2,28.15,29.79
1.0,0.0,0.2857142857142857,0.0,1.0,0.6666666666666666,0.625,0.2,28.37,29.28
1.0,0.0,0.2857142857142857,0.0,1.0,1.0,0.625,0.2,28.41,29.49
0.7777777777777779,0.16666666666666666,0.42857142857142855,0.1111111111111111,1.0,0.0,0.625,0.2,32.68,36.12
0.7777777777777779,0.16666666666666666,0.42857142857142855,0.1111111111111111,1.0,0.3333333333333333,0.625,0.2,33.48,33.17
0.7777777777777779,0.16666666666666666,0.42857142857142855,0.1111111111111111,1.0,0.6666666666666666,0.625,0.2,32.84,32.71
0.7777777777777779,0.16666666666666666,0.42857142857142855,0.1111111111111111,1.0,1.0,0.625,0.2,32.0,37.58
0.6666666666666666,0.25,0.2857142857142857,0.3333333333333333,1.0,0.0,0.625,0.2,29.54,33.98
0.6666666666666666,0.25,0.2857142857142857,0.3333333333333333,1.0,0.3333333333333333,0.625,0.2,30.05,28.61
0.6666666666666666,0.25,0.2857142857142857,0.3333333333333333,1.0,0.6666666666666666,0.625,0.2,29.6,30.12
0.6666666666666666,0.25,0.2857142857142857,0.3333333333333333,1.0,1.0,0.625,0.2,28.66,34.73
0.5555555555555555,0.3333333333333333,0.42857142857142855,0.3333333333333333,1.0,0.0,0.625,0.2,26.84,30.17
0.5555555555555555,0.3333333333333333,0.42857142857142855,0.3333333333333333,1.0,0.3333333333333333,0.625,0.2,27.27,27.84
0.5555555555555555,0.3333333333333333,0.42857142857142855,0.3333333333333333,1.0,0.6666666666666666,0.625,0.2,26.97,27.25
0.5555555555555555,0.3333333333333333,0.42857142857142855,0.3333333333333333,1.0,1.0,0.625,0.2,26.19,31.39
0.4722222222222224,0.4166666666666667,0.5714285714285714,0.3333333333333333,1.0,0.0,0.625,0.2,38.67,43.8
0.4722222222222224,0.4166666666666667,0.5714285714285714,0.3333333333333333,1.0,0.3333333333333333,0.625,0.2,40.03,37.81
0.4722222222222224,0.4166666666666667,0.5714285714285714,0.3333333333333333,1.0,0.6666666666666666,0.625,0.2,39.86,36.85
0.4722222222222224,0.4166666666666667,0.5714285714285714,0.3333333333333333,1.0,1.0,0.625,0.2,39.04,45.52
0.38888888888888895,0.5,1.0,0.1111111111111111,1.0,0.0,0.625,0.2,36.96,36.85
0.38888888888888895,0.5,1.0,0.1111111111111111,1.0,0.3333333333333333,0.625,0.2,36.13,37.58
0.38888888888888895,0.5,1.0,0.1111111111111111,1.0,0.6666666666666666,0.625,0.2,36.91,37.45
0.38888888888888895,0.5,1.0,0.1111111111111111,1.0,1.0,0.625,0.2,36.43,36.62
0.3333333333333333,0.5833333333333334,0.0,1.0,0.0,0.0,0.625,0.2,12.43,15.19
0.3333333333333333,0.5833333333333334,0.0,1.0,0.0,0.3333333333333333,0.625,0.2,12.5,15.5
0.3333333333333333,0.5833333333333334,0.0,1.0,0.0,0.6666666666666666,0.625,0.2,12.41,15.28
0.3333333333333333,0.5833333333333334,0.0,1.0,0.0,1.0,0.625,0.2,12.45,15.5
0.24999999999999992,0.6666666666666666,0.14285714285714285,1.0,0.0,0.0,0.625,0.2,12.57,15.42
0.24999999999999992,0.6666666666666666,0.14285714285714285,1.0,0.0,0.3333333333333333,0.625,0.2,12.65,15.85
0.24999999999999992,0.6666666666666666,0.14285714285714285,1.0,0.0,0.6666666666666666,0.625,0.2,12.57,15.44
0.24999999999999992,0.6666666666666666,0.14285714285714285,1.0,0.0,1.0,0.625,0.2,12.63,15.81
0.1944444444444443,0.75,0.2857142857142857,1.0,0.0,0.0,0.625,0.2,12.78,15.21
0.1944444444444443,0.75,0.2857142857142857,1.0,0.0,0.3333333333333333,0.625,0.2,12.93,15.63
0.1944444444444443,0.75,0.2857142857142857,1.0,0.0,0.6666666666666666,0.625,0.2,12.73,15.48
0.1944444444444443,0.75,0.2857142857142857,1.0,0.0,1.0,0.625,0.2,12.72,15.78
0.11111111111111122,0.8333333333333334,0.42857142857142855,1.0,0.0,0.0,0.625,0.2,13.17,16.39
0.11111111111111122,0.8333333333333334,0.42857142857142855,1.0,0.0,0.3333333333333333,0.625,0.2,13.18,16.27
0.11111111111111122,0.8333333333333334,0.42857142857142855,1.0,0.0,0.6666666666666666,0.625,0.2,13.17,16.39
0.11111111111111122,0.8333333333333334,0.42857142857142855,1.0,0.0,1.0,0.625,0.2,13.18,16.19
0.05555555555555561,0.9166666666666666,0.5714285714285714,1.0,0.0,0.0,0.625,0.2,17.5,21.13
0.05555555555555561,0.9166666666666666,0.5714285714285714,1.0,0.0,0.3333333333333333,0.625,0.2,17.35,21.19
0.05555555555555561,0.9166666666666666,0.5714285714285714,1.0,0.0,0.6666666666666666,0.625,0.2,17.52,21.09
0.05555555555555561,0.9166666666666666,0.5714285714285714,1.0,0.0,1.0,0.625,0.2,17.37,21.08
0.0,1.0,0.7142857142857143,1.0,0.0,0.0,0.625,0.2,15.09,15.77
0.0,1.0,0.7142857142857143,1.0,0.0,0.3333333333333333,0.625,0.2,15.12,15.95
0.0,1.0,0.7142857142857143,1.0,0.0,0.6666666666666666,0.625,0.2,15.08,15.77
0.0,1.0,0.7142857142857143,1.0,0.0,1.0,0.625,0.2,15.16,15.76
1.0,0.0,0.2857142857142857,0.0,1.0,0.0,0.625,0.4,28.67,29.62
1.0,0.0,0.2857142857142857,0.0,1.0,0.3333333333333333,0.625,0.4,28.57,29.69
1.0,0.0,0.2857142857142857,0.0,1.0,0.6666666666666666,0.625,0.4,28.18,30.18
1.0,0.0,0.2857142857142857,0.0,1.0,1.0,0.625,0.4,28.6,30.02
0.7777777777777779,0.16666666666666666,0.42857142857142855,0.1111111111111111,1.0,0.0,0.625,0.4,32.46,35.56
0.7777777777777779,0.16666666666666666,0.42857142857142855,0.1111111111111111,1.0,0.3333333333333333,0.625,0.4,33.27,32.64
0.7777777777777779,0.16666666666666666,0.42857142857142855,0.1111111111111111,1.0,0.6666666666666666,0.625,0.4,32.33,32.77
0.7777777777777779,0.16666666666666666,0.42857142857142855,0.1111111111111111,1.0,1.0,0.625,0.4,31.66,37.72
0.6666666666666666,0.25,0.2857142857142857,0.3333333333333333,1.0,0.0,0.625,0.4,29.34,33.37
0.6666666666666666,0.25,0.2857142857142857,0.3333333333333333,1.0,0.3333333333333333,0.625,0.4,29.87,27.89
0.6666666666666666,0.25,0.2857142857142857,0.3333333333333333,1.0,0.6666666666666666,0.625,0.4,29.27,29.9
0.6666666666666666,0.25,0.2857142857142857,0.3333333333333333,1.0,1.0,0.625,0.4,28.4,34.52
0.5555555555555555,0.3333333333333333,0.42857142857142855,0.3333333333333333,1.0,0.0,0.625,0.4,25.74,28.27
0.5555555555555555,0.3333333333333333,0.42857142857142855,0.3333333333333333,1.0,0.3333333333333333,0.625,0.4,25.98,26.96
0.5555555555555555,0.3333333333333333,0.42857142857142855,0.3333333333333333,1.0,0.6666666666666666,0.625,0.4,25.38,26.72
0.5555555555555555,0.3333333333333333,0.42857142857142855,0.3333333333333333,1.0,1.0,0.625,0.4,24.94,29.88
0.4722222222222224,0.4166666666666667,0.5714285714285714,0.3333333333333333,1.0,0.0,0.625,0.4,38.57,43.86
0.4722222222222224,0.4166666666666667,0.5714285714285714,0.3333333333333333,1.0,0.3333333333333333,0.625,0.4,40.19,37.41
0.4722222222222224,0.4166666666666667,0.5714285714285714,0.3333333333333333,1.0,0.6666666666666666,0.625,0.4,39.97,36.77
0.4722222222222224,0.4166666666666667,0.5714285714285714,0.3333333333333333,1.0,1.0,0.625,0.4,38.98,45.97
0.38888888888888895,0.5,1.0,0.1111111111111111,1.0,0.0,0.625,0.4,36.95,36.87
0.38888888888888895,0.5,1.0,0.1111111111111111,1.0,0.3333333333333333,0.625,0.4,36.28,37.35
0.38888888888888895,0.5,1.0,0.1111111111111111,1.0,0.6666666666666666,0.625,0.4,36.86,37.28
0.38888888888888895,0.5,1.0,0.1111111111111111,1.0,1.0,0.625,0.4,36.45,36.81
0.3333333333333333,0.5833333333333334,0.0,1.0,0.0,0.0,0.625,0.4,12.35,14.73
0.3333333333333333,0.5833333333333334,0.0,1.0,0.0,0.3333333333333333,0.625,0.4,12.45,15.1
0.3333333333333333,0.5833333333333334,0.0,1.0,0.0,0.6666666666666666,0.625,0.4,12.16,15.18
0.3333333333333333,0.5833333333333334,0.0,1.0,0.0,1.0,0.625,0.4,12.3,15.44
0.24999999999999992,0.6666666666666666,0.14285714285714285,1.0,0.0,0.0,0.625,0.4,12.33,14.91
0.24999999999999992,0.6666666666666666,0.14285714285714285,1.0,0.0,0.3333333333333333,0.625,0.4,12.29,15.4
0.24999999999999992,0.6666666666666666,0.14285714285714285,1.0,0.0,0.6666666666666666,0.625,0.4,12.2,14.94
0.24999999999999992,0.6666666666666666,0.14285714285714285,1.0,0.0,1.0,0.625,0.4,12.49,15.32
0.1944444444444443,0.75,0.2857142857142857,1.0,0.0,0.0,0.625,0.4,12.85,15.52
0.1944444444444443,0.75,0.2857142857142857,1.0,0.0,0.3333333333333333,0.625,0.4,12.87,15.85
0.1944444444444443,0.75,0.2857142857142857,1.0,0.0,0.6666666666666666,0.625,0.4,12.73,15.66
0.1944444444444443,0.75,0.2857142857142857,1.0,0.0,1.0,0.625,0.4,12.95,15.99
0.11111111111111122,0.8333333333333334,0.42857142857142855,1.0,0.0,0.0,0.625,0.4,13.05,15.89
0.11111111111111122,0.8333333333333334,0.42857142857142855,1.0,0.0,0.3333333333333333,0.625,0.4,12.93,15.85
0.11111111111111122,0.8333333333333334,0.42857142857142855,1.0,0.0,0.6666666666666666,0.625,0.4,12.77,16.22
0.11111111111111122,0.8333333333333334,0.42857142857142855,1.0,0.0,1.0,0.625,0.4,13.0,15.87
0.05555555555555561,0.9166666666666666,0.5714285714285714,1.0,0.0,0.0,0.625,0.4,17.14,20.47
0.05555555555555561,0.9166666666666666,0.5714285714285714,1.0,0.0,0.3333333333333333,0.625,0.4,16.84,20.56
0.05555555555555561,0.9166666666666666,0.5714285714285714,1.0,0.0,0.6666666666666666,0.625,0.4,17.02,20.48
0.05555555555555561,0.9166666666666666,0.5714285714285714,1.0,0.0,1.0,0.625,0.4,17.11,20.43
0.0,1.0,0.7142857142857143,1.0,0.0,0.0,0.625,0.4,14.34,15.32
0.0,1.0,0.7142857142857143,1.0,0.0,0.3333333333333333,0.625,0.4,14.66,15.64
0.0,1.0,0.7142857142857143,1.0,0.0,0.6666666666666666,0.625,0.4,14.6,15.14
0.0,1.0,0.7142857142857143,1.0,0.0,1.0,0.625,0.4,14.6,15.3
1.0,0.0,0.2857142857142857,0.0,1.0,0.0,0.625,0.6,28.67,29.43
1.0,0.0,0.2857142857142857,0.0,1.0,0.3333333333333333,0.625,0.6,28.56,29.78
1.0,0.0,0.2857142857142857,0.0,1.0,0.6666666666666666,0.625,0.6,28.17,30.1
1.0,0.0,0.2857142857142857,0.0,1.0,1.0,0.625,0.6,28.63,30.19
0.7777777777777779,0.16666666666666666,0.42857142857142855,0.1111111111111111,1.0,0.0,0.625,0.6,31.63,36.35
0.7777777777777779,0.16666666666666666,0.42857142857142855,0.1111111111111111,1.0,0.3333333333333333,0.625,0.6,32.4,35.1
0.7777777777777779,0.16666666666666666,0.42857142857142855,0.1111111111111111,1.0,0.6666666666666666,0.625,0.6,32.68,32.83
0.7777777777777779,0.16666666666666666,0.42857142857142855,0.1111111111111111,1.0,1.0,0.625,0.6,32.29,32.46
0.6666666666666666,0.25,0.2857142857142857,0.3333333333333333,1.0,0.0,0.625,0.6,28.4,33.52
0.6666666666666666,0.25,0.2857142857142857,0.3333333333333333,1.0,0.3333333333333333,0.625,0.6,29.4,32.93
0.6666666666666666,0.25,0.2857142857142857,0.3333333333333333,1.0,0.6666666666666666,0.625,0.6,29.43,28.38
0.6666666666666666,0.25,0.2857142857142857,0.3333333333333333,1.0,1.0,0.625,0.6,29.07,29.82
0.5555555555555555,0.3333333333333333,0.42857142857142855,0.3333333333333333,1.0,0.0,0.625,0.6,24.7,28.77
0.5555555555555555,0.3333333333333333,0.42857142857142855,0.3333333333333333,1.0,0.3333333333333333,0.625,0.6,25.48,27.76
0.5555555555555555,0.3333333333333333,0.42857142857142855,0.3333333333333333,1.0,0.6666666666666666,0.625,0.6,25.37,26.95
0.5555555555555555,0.3333333333333333,0.42857142857142855,0.3333333333333333,1.0,1.0,0.625,0.6,25.17,26.41
0.4722222222222224,0.4166666666666667,0.5714285714285714,0.3333333333333333,1.0,0.0,0.625,0.6,39.04,45.13
0.4722222222222224,0.4166666666666667,0.5714285714285714,0.3333333333333333,1.0,0.3333333333333333,0.625,0.6,38.35,43.66
0.4722222222222224,0.4166666666666667,0.5714285714285714,0.3333333333333333,1.0,0.6666666666666666,0.625,0.6,39.81,37.76
0.4722222222222224,0.4166666666666667,0.5714285714285714,0.3333333333333333,1.0,1.0,0.625,0.6,39.83,36.87
0.38888888888888895,0.5,1.0,0.1111111111111111,1.0,0.0,0.625,0.6,35.99,36.07
0.38888888888888895,0.5,1.0,0.1111111111111111,1.0,0.3333333333333333,0.625,0.6,36.59,36.44
0.38888888888888895,0.5,1.0,0.1111111111111111,1.0,0.6666666666666666,0.625,0.6,35.64,37.28
0.38888888888888895,0.5,1.0,0.1111111111111111,1.0,1.0,0.625,0.6,36.52,37.29
0.3333333333333333,0.5833333333333334,0.0,1.0,0.0,0.0,0.625,0.6,11.8,14.49
0.3333333333333333,0.5833333333333334,0.0,1.0,0.0,0.3333333333333333,0.625,0.6,12.03,13.79
0.3333333333333333,0.5833333333333334,0.0,1.0,0.0,0.6666666666666666,0.625,0.6,11.98,14.72
0.3333333333333333,0.5833333333333334,0.0,1.0,0.0,1.0,0.625,0.6,11.69,14.76
0.24999999999999992,0.6666666666666666,0.14285714285714285,1.0,0.0,0.0,0.625,0.6,12.41,14.92
0.24999999999999992,0.6666666666666666,0.14285714285714285,1.0,0.0,0.3333333333333333,0.625,0.6,12.28,14.74
0.24999999999999992,0.6666666666666666,0.14285714285714285,1.0,0.0,0.6666666666666666,0.625,0.6,12.1,15.57
0.24999999999999992,0.6666666666666666,0.14285714285714285,1.0,0.0,1.0,0.625,0.6,12.19,14.94
0.1944444444444443,0.75,0.2857142857142857,1.0,0.0,0.0,0.625,0.6,12.34,14.92
0.1944444444444443,0.75,0.2857142857142857,1.0,0.0,0.3333333333333333,0.625,0.6,12.46,14.38
0.1944444444444443,0.75,0.2857142857142857,1.0,0.0,0.6666666666666666,0.625,0.6,12.31,15.44
0.1944444444444443,0.75,0.2857142857142857,1.0,0.0,1.0,0.625,0.6,12.12,15.17
0.11111111111111122,0.8333333333333334,0.42857142857142855,1.0,0.0,0.0,0.625,0.6,12.97,15.53
0.11111111111111122,0.8333333333333334,0.42857142857142855,1.0,0.0,0.3333333333333333,0.625,0.6,13.01,15.8
0.11111111111111122,0.8333333333333334,0.42857142857142855,1.0,0.0,0.6666666666666666,0.625,0.6,12.74,16.14
0.11111111111111122,0.8333333333333334,0.42857142857142855,1.0,0.0,1.0,0.625,0.6,12.84,16.26
0.05555555555555561,0.9166666666666666,0.5714285714285714,1.0,0.0,0.0,0.625,0.6,16.83,19.87
0.05555555555555561,0.9166666666666666,0.5714285714285714,1.0,0.0,0.3333333333333333,0.625,0.6,16.93,20.03
0.05555555555555561,0.9166666666666666,0.5714285714285714,1.0,0.0,0.6666666666666666,0.625,0.6,16.66,20.46
0.05555555555555561,0.9166666666666666,0.5714285714285714,1.0,0.0,1.0,0.625,0.6,16.86,20.28
0.0,1.0,0.7142857142857143,1.0,0.0,0.0,0.625,0.6,13.91,14.89
0.0,1.0,0.7142857142857143,1.0,0.0,0.3333333333333333,0.625,0.6,14.34,14.96
0.0,1.0,0.7142857142857143,1.0,0.0,0.6666666666666666,0.625,0.6,13.95,14.89
0.0,1.0,0.7142857142857143,1.0,0.0,1.0,0.625,0.6,13.99,14.35
1.0,0.0,0.2857142857142857,0.0,1.0,0.0,0.625,0.8,28.7,29.61
1.0,0.0,0.2857142857142857,0.0,1.0,0.3333333333333333,0.625,0.8,28.55,29.59
1.0,0.0,0.2857142857142857,0.0,1.0,0.6666666666666666,0.625,0.8,28.15,30.19
1.0,0.0,0.2857142857142857,0.0,1.0,1.0,0.625,0.8,28.62,30.12
0.7777777777777779,0.16666666666666666,0.42857142857142855,0.1111111111111111,1.0,0.0,0.625,0.8,32.67,32.12
0.7777777777777779,0.16666666666666666,0.42857142857142855,0.1111111111111111,1.0,0.3333333333333333,0.625,0.8,31.69,37.12
0.7777777777777779,0.16666666666666666,0.42857142857142855,0.1111111111111111,1.0,0.6666666666666666,0.625,0.8,32.07,36.16
0.7777777777777779,0.16666666666666666,0.42857142857142855,0.1111111111111111,1.0,1.0,0.625,0.8,33.28,33.16
0.6666666666666666,0.25,0.2857142857142857,0.3333333333333333,1.0,0.0,0.625,0.8,29.47,29.45
0.6666666666666666,0.25,0.2857142857142857,0.3333333333333333,1.0,0.3333333333333333,0.625,0.8,28.42,34.19
0.6666666666666666,0.25,0.2857142857142857,0.3333333333333333,1.0,0.6666666666666666,0.625,0.8,29.08,33.93
0.6666666666666666,0.25,0.2857142857142857,0.3333333333333333,1.0,1.0,0.625,0.8,29.88,28.31
0.5555555555555555,0.3333333333333333,0.42857142857142855,0.3333333333333333,1.0,0.0,0.625,0.8,25.66,26.3
0.5555555555555555,0.3333333333333333,0.42857142857142855,0.3333333333333333,1.0,0.3333333333333333,0.625,0.8,24.96,29.43
0.5555555555555555,0.3333333333333333,0.42857142857142855,0.3333333333333333,1.0,0.6666666666666666,0.625,0.8,25.43,28.76
0.5555555555555555,0.3333333333333333,0.42857142857142855,0.3333333333333333,1.0,1.0,0.625,0.8,26.0,27.34
0.4722222222222224,0.4166666666666667,0.5714285714285714,0.3333333333333333,1.0,0.0,0.625,0.8,40.0,36.26
0.4722222222222224,0.4166666666666667,0.5714285714285714,0.3333333333333333,1.0,0.3333333333333333,0.625,0.8,38.84,45.48
0.4722222222222224,0.4166666666666667,0.5714285714285714,0.3333333333333333,1.0,0.6666666666666666,0.625,0.8,38.33,44.16
0.4722222222222224,0.4166666666666667,0.5714285714285714,0.3333333333333333,1.0,1.0,0.625,0.8,40.12,37.26
0.38888888888888895,0.5,1.0,0.1111111111111111,1.0,0.0,0.625,0.8,36.95,37.2
0.38888888888888895,0.5,1.0,0.1111111111111111,1.0,0.3333333333333333,0.625,0.8,36.45,36.76
0.38888888888888895,0.5,1.0,0.1111111111111111,1.0,0.6666666666666666,0.625,0.8,36.81,37.05
0.38888888888888895,0.5,1.0,0.1111111111111111,1.0,1.0,0.625,0.8,36.26,37.51
0.3333333333333333,0.5833333333333334,0.0,1.0,0.0,0.0,0.625,0.8,12.32,14.92
0.3333333333333333,0.5833333333333334,0.0,1.0,0.0,0.3333333333333333,0.625,0.8,12.3,15.24
0.3333333333333333,0.5833333333333334,0.0,1.0,0.0,0.6666666666666666,0.625,0.8,12.18,15.03
0.3333333333333333,0.5833333333333334,0.0,1.0,0.0,1.0,0.625,0.8,12.43,15.35
0.24999999999999992,0.6666666666666666,0.14285714285714285,1.0,0.0,0.0,0.625,0.8,12.36,14.67
0.24999999999999992,0.6666666666666666,0.14285714285714285,1.0,0.0,0.3333333333333333,0.625,0.8,12.49,15.09
0.24999999999999992,0.6666666666666666,0.14285714285714285,1.0,0.0,0.6666666666666666,0.625,0.8,12.17,15.2
0.24999999999999992,0.6666666666666666,0.14285714285714285,1.0,0.0,1.0,0.625,0.8,12.28,15.64
0.1944444444444443,0.75,0.2857142857142857,1.0,0.0,0.0,0.625,0.8,12.91,15.37
0.1944444444444443,0.75,0.2857142857142857,1.0,0.0,0.3333333333333333,0.625,0.8,12.95,15.73
0.1944444444444443,0.75,0.2857142857142857,1.0,0.0,0.6666666666666666,0.625,0.8,12.67,15.83
0.1944444444444443,0.75,0.2857142857142857,1.0,0.0,1.0,0.625,0.8,12.86,16.13
0.11111111111111122,0.8333333333333334,0.42857142857142855,1.0,0.0,0.0,0.625,0.8,12.95,15.95
0.11111111111111122,0.8333333333333334,0.42857142857142855,1.0,0.0,0.3333333333333333,0.625,0.8,13.0,15.59
0.11111111111111122,0.8333333333333334,0.42857142857142855,1.0,0.0,0.6666666666666666,0.625,0.8,12.86,16.17
0.11111111111111122,0.8333333333333334,0.42857142857142855,1.0,0.0,1.0,0.625,0.8,12.92,16.14
0.05555555555555561,0.9166666666666666,0.5714285714285714,1.0,0.0,0.0,0.625,0.8,16.99,19.65
0.05555555555555561,0.9166666666666666,0.5714285714285714,1.0,0.0,0.3333333333333333,0.625,0.8,16.69,19.76
0.05555555555555561,0.9166666666666666,0.5714285714285714,1.0,0.0,0.6666666666666666,0.625,0.8,16.56,20.37
0.05555555555555561,0.9166666666666666,0.5714285714285714,1.0,0.0,1.0,0.625,0.8,16.62,19.9
0.0,1.0,0.7142857142857143,1.0,0.0,0.0,0.625,0.8,14.33,15.41
0.0,1.0,0.7142857142857143,1.0,0.0,0.3333333333333333,0.625,0.8,14.61,15.56
0.0,1.0,0.7142857142857143,1.0,0.0,0.6666666666666666,0.625,0.8,14.61,15.07
0.0,1.0,0.7142857142857143,1.0,0.0,1.0,0.625,0.8,14.65,15.38
1.0,0.0,0.2857142857142857,0.0,1.0,0.0,0.625,1.0,28.69,29.53
1.0,0.0,0.2857142857142857,0.0,1.0,0.3333333333333333,0.625,1.0,28.58,29.77
1.0,0.0,0.2857142857142857,0.0,1.0,0.6666666666666666,0.625,1.0,28.15,30.0
1.0,0.0,0.2857142857142857,0.0,1.0,1.0,0.625,1.0,28.61,30.2
0.7777777777777779,0.16666666666666666,0.42857142857142855,0.1111111111111111,1.0,0.0,0.625,1.0,33.13,32.25
0.7777777777777779,0.16666666666666666,0.42857142857142855,0.1111111111111111,1.0,0.3333333333333333,0.625,1.0,32.31,32.0
0.7777777777777779,0.16666666666666666,0.42857142857142855,0.1111111111111111,1.0,0.6666666666666666,0.625,1.0,31.53,37.19
0.7777777777777779,0.16666666666666666,0.42857142857142855,0.1111111111111111,1.0,1.0,0.625,1.0,32.46,35.62
0.6666666666666666,0.25,0.2857142857142857,0.3333333333333333,1.0,0.0,0.625,1.0,29.71,28.02
0.6666666666666666,0.25,0.2857142857142857,0.3333333333333333,1.0,0.3333333333333333,0.625,1.0,29.09,29.43
0.6666666666666666,0.25,0.2857142857142857,0.3333333333333333,1.0,0.6666666666666666,0.625,1.0,28.31,34.15
0.6666666666666666,0.25,0.2857142857142857,0.3333333333333333,1.0,1.0,0.625,1.0,29.39,33.47
0.5555555555555555,0.3333333333333333,0.42857142857142855,0.3333333333333333,1.0,0.0,0.625,1.0,25.7,26.53
0.5555555555555555,0.3333333333333333,0.42857142857142855,0.3333333333333333,1.0,0.3333333333333333,0.625,1.0,25.17,26.08
0.5555555555555555,0.3333333333333333,0.42857142857142855,0.3333333333333333,1.0,0.6666666666666666,0.625,1.0,24.6,29.31
0.5555555555555555,0.3333333333333333,0.42857142857142855,0.3333333333333333,1.0,1.0,0.625,1.0,25.49,28.14
0.4722222222222224,0.4166666666666667,0.5714285714285714,0.3333333333333333,1.0,0.0,0.625,1.0,39.89,37.54
0.4722222222222224,0.4166666666666667,0.5714285714285714,0.3333333333333333,1.0,0.3333333333333333,0.625,1.0,39.83,36.66
0.4722222222222224,0.4166666666666667,0.5714285714285714,0.3333333333333333,1.0,0.6666666666666666,0.625,1.0,39.01,45.28
0.4722222222222224,0.4166666666666667,0.5714285714285714,0.3333333333333333,1.0,1.0,0.625,1.0,38.65,43.73
0.38888888888888895,0.5,1.0,0.1111111111111111,1.0,0.0,0.625,1.0,35.69,36.93
0.38888888888888895,0.5,1.0,0.1111111111111111,1.0,0.3333333333333333,0.625,1.0,36.64,37.01
0.38888888888888895,0.5,1.0,0.1111111111111111,1.0,0.6666666666666666,0.625,1.0,36.06,35.73
0.38888888888888895,0.5,1.0,0.1111111111111111,1.0,1.0,0.625,1.0,36.7,36.15
0.3333333333333333,0.5833333333333334,0.0,1.0,0.0,0.0,0.625,1.0,12.12,14.48
0.3333333333333333,0.5833333333333334,0.0,1.0,0.0,0.3333333333333333,0.625,1.0,11.67,14.58
0.3333333333333333,0.5833333333333334,0.0,1.0,0.0,0.6666666666666666,0.625,1.0,11.64,14.81
0.3333333333333333,0.5833333333333334,0.0,1.0,0.0,1.0,0.625,1.0,12.02,14.03
0.24999999999999992,0.6666666666666666,0.14285714285714285,1.0,0.0,0.0,0.625,1.0,12.27,15.27
0.24999999999999992,0.6666666666666666,0.14285714285714285,1.0,0.0,0.3333333333333333,0.625,1.0,12.19,14.71
0.24999999999999992,0.6666666666666666,0.14285714285714285,1.0,0.0,0.6666666666666666,0.625,1.0,12.25,15.23
0.24999999999999992,0.6666666666666666,0.14285714285714285,1.0,0.0,1.0,0.625,1.0,12.27,14.97
0.1944444444444443,0.75,0.2857142857142857,1.0,0.0,0.0,0.625,1.0,12.47,15.14
0.1944444444444443,0.75,0.2857142857142857,1.0,0.0,0.3333333333333333,0.625,1.0,12.12,14.97
0.1944444444444443,0.75,0.2857142857142857,1.0,0.0,0.6666666666666666,0.625,1.0,12.18,15.22
0.1944444444444443,0.75,0.2857142857142857,1.0,0.0,1.0,0.625,1.0,12.47,14.6
0.11111111111111122,0.8333333333333334,0.42857142857142855,1.0,0.0,0.0,0.625,1.0,12.93,15.83
0.11111111111111122,0.8333333333333334,0.42857142857142855,1.0,0.0,0.3333333333333333,0.625,1.0,12.82,16.03
0.11111111111111122,0.8333333333333334,0.42857142857142855,1.0,0.0,0.6666666666666666,0.625,1.0,12.78,15.8
0.11111111111111122,0.8333333333333334,0.42857142857142855,1.0,0.0,1.0,0.625,1.0,13.02,16.06
0.05555555555555561,0.9166666666666666,0.5714285714285714,1.0,0.0,0.0,0.625,1.0,16.73,20.13
0.05555555555555561,0.9166666666666666,0.5714285714285714,1.0,0.0,0.3333333333333333,0.625,1.0,16.86,20.01
0.05555555555555561,0.9166666666666666,0.5714285714285714,1.0,0.0,0.6666666666666666,0.625,1.0,16.76,20.19
0.05555555555555561,0.9166666666666666,0.5714285714285714,1.0,0.0,1.0,0.625,1.0,16.92,20.29
0.0,1.0,0.7142857142857143,1.0,0.0,0.0,0.625,1.0,13.68,15.19
0.0,1.0,0.7142857142857143,1.0,0.0,0.3333333333333333,0.625,1.0,13.99,14.61
0.0,1.0,0.7142857142857143,1.0,0.0,0.6666666666666666,0.625,1.0,14.16,14.61
0.0,1.0,0.7142857142857143,1.0,0.0,1.0,0.625,1.0,13.86,14.75
1.0,0.0,0.2857142857142857,0.0,1.0,0.0,1.0,0.2,32.26,33.37
1.0,0.0,0.2857142857142857,0.0,1.0,0.3333333333333333,1.0,0.2,32.26,33.34
1.0,0.0,0.2857142857142857,0.0,1.0,0.6666666666666666,1.0,0.2,32.49,32.83
1.0,0.0,0.2857142857142857,0.0,1.0,1.0,1.0,0.2,32.53,33.04
0.7777777777777779,0.16666666666666666,0.42857142857142855,0.1111111111111111,1.0,0.0,1.0,0.2,36.47,39.28
0.7777777777777779,0.16666666666666666,0.42857142857142855,0.1111111111111111,1.0,0.3333333333333333,1.0,0.2,37.24,36.38
0.7777777777777779,0.16666666666666666,0.42857142857142855,0.1111111111111111,1.0,0.6666666666666666,1.0,0.2,36.66,35.92
0.7777777777777779,0.16666666666666666,0.42857142857142855,0.1111111111111111,1.0,1.0,1.0,0.2,35.96,40.99
0.6666666666666666,0.25,0.2857142857142857,0.3333333333333333,1.0,0.0,1.0,0.2,31.89,35.99
0.6666666666666666,0.25,0.2857142857142857,0.3333333333333333,1.0,0.3333333333333333,1.0,0.2,32.39,30.66
0.6666666666666666,0.25,0.2857142857142857,0.3333333333333333,1.0,0.6666666666666666,1.0,0.2,32.09,31.7
0.6666666666666666,0.25,0.2857142857142857,0.3333333333333333,1.0,1.0,1.0,0.2,31.29,36.73
0.5555555555555555,0.3333333333333333,0.42857142857142855,0.3333333333333333,1.0,0.0,1.0,0.2,29.22,31.71
0.5555555555555555,0.3333333333333333,0.42857142857142855,0.3333333333333333,1.0,0.3333333333333333,1.0,0.2,29.91,29.13
0.5555555555555555,0.3333333333333333,0.42857142857142855,0.3333333333333333,1.0,0.6666666666666666,1.0,0.2,29.53,28.99
0.5555555555555555,0.3333333333333333,0.42857142857142855,0.3333333333333333,1.0,1.0,1.0,0.2,28.65,33.54
0.4722222222222224,0.4166666666666667,0.5714285714285714,0.3333333333333333,1.0,0.0,1.0,0.2,41.4,45.29
0.4722222222222224,0.4166666666666667,0.5714285714285714,0.3333333333333333,1.0,0.3333333333333333,1.0,0.2,42.62,39.07
0.4722222222222224,0.4166666666666667,0.5714285714285714,0.3333333333333333,1.0,0.6666666666666666,1.0,0.2,42.5,38.35
0.4722222222222224,0.4166666666666667,0.5714285714285714,0.3333333333333333,1.0,1.0,1.0,0.2,41.67,46.94
0.38888888888888895,0.5,1.0,0.1111111111111111,1.0,0.0,1.0,0.2,40.78,39.55
0.38888888888888895,0.5,1.0,0.1111111111111111,1.0,0.3333333333333333,1.0,0.2,39.97,40.85
0.38888888888888895,0.5,1.0,0.1111111111111111,1.0,0.6666666666666666,1.0,0.2,40.71,40.63
0.38888888888888895,0.5,1.0,0.1111111111111111,1.0,1.0,1.0,0.2,40.43,39.48
0.3333333333333333,0.5833333333333334,0.0,1.0,0.0,0.0,1.0,0.2,14.52,16.94
0.3333333333333333,0.5833333333333334,0.0,1.0,0.0,0.3333333333333333,1.0,0.2,14.61,17.25
0.3333333333333333,0.5833333333333334,0.0,1.0,0.0,0.6666666666666666,1.0,0.2,14.5,17.03
0.3333333333333333,0.5833333333333334,0.0,1.0,0.0,1.0,1.0,0.2,14.55,17.25
0.24999999999999992,0.6666666666666666,0.14285714285714285,1.0,0.0,0.0,1.0,0.2,14.51,17.1
0.24999999999999992,0.6666666666666666,0.14285714285714285,1.0,0.0,0.3333333333333333,1.0,0.2,14.6,17.51
0.24999999999999992,0.6666666666666666,0.14285714285714285,1.0,0.0,0.6666666666666666,1.0,0.2,14.5,17.12
0.24999999999999992,0.6666666666666666,0.14285714285714285,1.0,0.0,1.0,1.0,0.2,14.58,17.47
0.1944444444444443,0.75,0.2857142857142857,1.0,0.0,0.0,1.0,0.2,14.51,16.5
0.1944444444444443,0.75,0.2857142857142857,1.0,0.0,0.3333333333333333,1.0,0.2,14.7,17.0
0.1944444444444443,0.75,0.2857142857142857,1.0,0.0,0.6666666666666666,1.0,0.2,14.42,16.87
0.1944444444444443,0.75,0.2857142857142857,1.0,0.0,1.0,1.0,0.2,14.42,17.2
0.11111111111111122,0.8333333333333334,0.42857142857142855,1.0,0.0,0.0,1.0,0.2,15.23,18.14
0.11111111111111122,0.8333333333333334,0.42857142857142855,1.0,0.0,0.3333333333333333,1.0,0.2,15.23,18.03
0.11111111111111122,0.8333333333333334,0.42857142857142855,1.0,0.0,0.6666666666666666,1.0,0.2,15.23,18.14
0.11111111111111122,0.8333333333333334,0.42857142857142855,1.0,0.0,1.0,1.0,0.2,15.23,17.95
0.05555555555555561,0.9166666666666666,0.5714285714285714,1.0,0.0,0.0,1.0,0.2,19.52,22.72
0.05555555555555561,0.9166666666666666,0.5714285714285714,1.0,0.0,0.3333333333333333,1.0,0.2,19.36,22.73
0.05555555555555561,0.9166666666666666,0.5714285714285714,1.0,0.0,0.6666666666666666,1.0,0.2,19.48,22.72
0.05555555555555561,0.9166666666666666,0.5714285714285714,1.0,0.0,1.0,1.0,0.2,19.42,22.53
0.0,1.0,0.7142857142857143,1.0,0.0,0.0,1.0,0.2,15.09,17.2
0.0,1.0,0.7142857142857143,1.0,0.0,0.3333333333333333,1.0,0.2,17.17,17.21
0.0,1.0,0.7142857142857143,1.0,0.0,0.6666666666666666,1.0,0.2,17.14,17.15
0.0,1.0,0.7142857142857143,1.0,0.0,1.0,1.0,0.2,17.14,17.2
1.0,0.0,0.2857142857142857,0.0,1.0,0.0,1.0,0.4,32.82,32.96
1.0,0.0,0.2857142857142857,0.0,1.0,0.3333333333333333,1.0,0.4,32.71,33.13
1.0,0.0,0.2857142857142857,0.0,1.0,0.6666666666666666,1.0,0.4,32.24,33.94
1.0,0.0,0.2857142857142857,0.0,1.0,1.0,1.0,0.4,32.72,33.78
0.7777777777777779,0.16666666666666666,0.42857142857142855,0.1111111111111111,1.0,0.0,1.0,0.4,35.84,38.35
0.7777777777777779,0.16666666666666666,0.42857142857142855,0.1111111111111111,1.0,0.3333333333333333,1.0,0.4,36.57,35.39
0.7777777777777779,0.16666666666666666,0.42857142857142855,0.1111111111111111,1.0,0.6666666666666666,1.0,0.4,36.06,34.94
0.7777777777777779,0.16666666666666666,0.42857142857142855,0.1111111111111111,1.0,1.0,1.0,0.4,35.69,40.66
0.6666666666666666,0.25,0.2857142857142857,0.3333333333333333,1.0,0.0,1.0,0.4,32.48,35.48
0.6666666666666666,0.25,0.2857142857142857,0.3333333333333333,1.0,0.3333333333333333,1.0,0.4,32.74,30.53
0.6666666666666666,0.25,0.2857142857142857,0.3333333333333333,1.0,0.6666666666666666,1.0,0.4,32.13,32.28
0.6666666666666666,0.25,0.2857142857142857,0.3333333333333333,1.0,1.0,1.0,0.4,31.64,36.86
0.5555555555555555,0.3333333333333333,0.42857142857142855,0.3333333333333333,1.0,0.0,1.0,0.4,28.95,30.34
0.5555555555555555,0.3333333333333333,0.42857142857142855,0.3333333333333333,1.0,0.3333333333333333,1.0,0.4,29.49,27.93
0.5555555555555555,0.3333333333333333,0.42857142857142855,0.3333333333333333,1.0,0.6666666666666666,1.0,0.4,28.64,28.95
0.5555555555555555,0.3333333333333333,0.42857142857142855,0.3333333333333333,1.0,1.0,1.0,0.4,28.01,32.92
0.4722222222222224,0.4166666666666667,0.5714285714285714,0.3333333333333333,1.0,0.0,1.0,0.4,41.64,45.59
0.4722222222222224,0.4166666666666667,0.5714285714285714,0.3333333333333333,1.0,0.3333333333333333,1.0,0.4,43.1,39.41
0.4722222222222224,0.4166666666666667,0.5714285714285714,0.3333333333333333,1.0,0.6666666666666666,1.0,0.4,42.74,38.84
0.4722222222222224,0.4166666666666667,0.5714285714285714,0.3333333333333333,1.0,1.0,1.0,0.4,41.92,48.03
0.38888888888888895,0.5,1.0,0.1111111111111111,1.0,0.0,1.0,0.4,40.78,39.48
0.38888888888888895,0.5,1.0,0.1111111111111111,1.0,0.3333333333333333,1.0,0.4,40.15,40.4
0.38888888888888895,0.5,1.0,0.1111111111111111,1.0,0.6666666666666666,1.0,0.4,40.57,40.47
0.38888888888888895,0.5,1.0,0.1111111111111111,1.0,1.0,1.0,0.4,40.42,39.7
0.3333333333333333,0.5833333333333334,0.0,1.0,0.0,0.0,1.0,0.4,14.54,16.43
0.3333333333333333,0.5833333333333334,0.0,1.0,0.0,0.3333333333333333,1.0,0.4,14.45,16.93
0.3333333333333333,0.5833333333333334,0.0,1.0,0.0,0.6666666666666666,1.0,0.4,14.18,16.99
0.3333333333333333,0.5833333333333334,0.0,1.0,0.0,1.0,1.0,0.4,14.5,17.03
0.24999999999999992,0.6666666666666666,0.14285714285714285,1.0,0.0,0.0,1.0,0.4,14.7,16.77
0.24999999999999992,0.6666666666666666,0.14285714285714285,1.0,0.0,0.3333333333333333,1.0,0.4,14.66,17.37
0.24999999999999992,0.6666666666666666,0.14285714285714285,1.0,0.0,0.6666666666666666,1.0,0.4,14.4,17.27
0.24999999999999992,0.6666666666666666,0.14285714285714285,1.0,0.0,1.0,1.0,0.4,14.71,17.51
0.1944444444444443,0.75,0.2857142857142857,1.0,0.0,0.0,1.0,0.4,14.75,16.44
0.1944444444444443,0.75,0.2857142857142857,1.0,0.0,0.3333333333333333,1.0,0.4,14.71,17.01
0.1944444444444443,0.75,0.2857142857142857,1.0,0.0,0.6666666666666666,1.0,0.4,14.33,17.23
0.1944444444444443,0.75,0.2857142857142857,1.0,0.0,1.0,1.0,0.4,14.62,17.22
0.11111111111111122,0.8333333333333334,0.42857142857142855,1.0,0.0,0.0,1.0,0.4,15.34,17.85
0.11111111111111122,0.8333333333333334,0.42857142857142855,1.0,0.0,0.3333333333333333,1.0,0.4,15.29,17.89
0.11111111111111122,0.8333333333333334,0.42857142857142855,1.0,0.0,0.6666666666666666,1.0,0.4,15.09,18.36
0.11111111111111122,0.8333333333333334,0.42857142857142855,1.0,0.0,1.0,1.0,0.4,15.3,18.15
0.05555555555555561,0.9166666666666666,0.5714285714285714,1.0,0.0,0.0,1.0,0.4,19.2,21.72
0.05555555555555561,0.9166666666666666,0.5714285714285714,1.0,0.0,0.3333333333333333,1.0,0.4,18.88,22.07
0.05555555555555561,0.9166666666666666,0.5714285714285714,1.0,0.0,0.6666666666666666,1.0,0.4,18.9,22.09
0.05555555555555561,0.9166666666666666,0.5714285714285714,1.0,0.0,1.0,1.0,0.4,19.12,21.93
0.0,1.0,0.7142857142857143,1.0,0.0,0.0,1.0,0.4,16.76,17.36
0.0,1.0,0.7142857142857143,1.0,0.0,0.3333333333333333,1.0,0.4,17.23,17.38
0.0,1.0,0.7142857142857143,1.0,0.0,0.6666666666666666,1.0,0.4,17.26,16.86
0.0,1.0,0.7142857142857143,1.0,0.0,1.0,1.0,0.4,17.15,16.99
1.0,0.0,0.2857142857142857,0.0,1.0,0.0,1.0,0.6,32.82,32.78
1.0,0.0,0.2857142857142857,0.0,1.0,0.3333333333333333,1.0,0.6,32.69,33.24
1.0,0.0,0.2857142857142857,0.0,1.0,0.6666666666666666,1.0,0.6,32.23,33.86
1.0,0.0,0.2857142857142857,0.0,1.0,1.0,1.0,0.6,32.75,34.0
0.7777777777777779,0.16666666666666666,0.42857142857142855,0.1111111111111111,1.0,0.0,1.0,0.6,34.24,37.26
0.7777777777777779,0.16666666666666666,0.42857142857142855,0.1111111111111111,1.0,0.3333333333333333,1.0,0.6,34.95,35.04
0.7777777777777779,0.16666666666666666,0.42857142857142855,0.1111111111111111,1.0,0.6666666666666666,1.0,0.6,35.05,33.82
0.7777777777777779,0.16666666666666666,0.42857142857142855,0.1111111111111111,1.0,1.0,1.0,0.6,34.29,33.31
0.6666666666666666,0.25,0.2857142857142857,0.3333333333333333,1.0,0.0,1.0,0.6,31.28,35.22
0.6666666666666666,0.25,0.2857142857142857,0.3333333333333333,1.0,0.3333333333333333,1.0,0.6,32.12,34.7
0.6666666666666666,0.25,0.2857142857142857,0.3333333333333333,1.0,0.6666666666666666,1.0,0.6,32.05,30.11
0.6666666666666666,0.25,0.2857142857142857,0.3333333333333333,1.0,1.0,1.0,0.6,31.84,31.6
0.5555555555555555,0.3333333333333333,0.42857142857142855,0.3333333333333333,1.0,0.0,1.0,0.6,28.67,32.43
0.5555555555555555,0.3333333333333333,0.42857142857142855,0.3333333333333333,1.0,0.3333333333333333,1.0,0.6,29.67,30.65
0.5555555555555555,0.3333333333333333,0.42857142857142855,0.3333333333333333,1.0,0.6666666666666666,1.0,0.6,29.47,29.77
0.5555555555555555,0.3333333333333333,0.42857142857142855,0.3333333333333333,1.0,1.0,1.0,0.6,28.91,29.64
0.4722222222222224,0.4166666666666667,0.5714285714285714,0.3333333333333333,1.0,0.0,1.0,0.6,41.26,46.44
0.4722222222222224,0.4166666666666667,0.5714285714285714,0.3333333333333333,1.0,0.3333333333333333,1.0,0.6,41.3,44.18
0.4722222222222224,0.4166666666666667,0.5714285714285714,0.3333333333333333,1.0,0.6666666666666666,1.0,0.6,42.49,38.81
0.4722222222222224,0.4166666666666667,0.5714285714285714,0.3333333333333333,1.0,1.0,1.0,0.6,42.08,38.23
0.38888888888888895,0.5,1.0,0.1111111111111111,1.0,0.0,1.0,0.6,39.32,38.17
0.38888888888888895,0.5,1.0,0.1111111111111111,1.0,0.3333333333333333,1.0,0.6,39.84,38.48
0.38888888888888895,0.5,1.0,0.1111111111111111,1.0,0.6666666666666666,1.0,0.6,38.89,39.66
0.38888888888888895,0.5,1.0,0.1111111111111111,1.0,1.0,1.0,0.6,39.68,40.1
0.3333333333333333,0.5833333333333334,0.0,1.0,0.0,0.0,1.0,0.6,13.97,16.08
0.3333333333333333,0.5833333333333334,0.0,1.0,0.0,0.3333333333333333,1.0,0.6,14.22,15.39
0.3333333333333333,0.5833333333333334,0.0,1.0,0.0,0.6666666666666666,1.0,0.6,14.1,16.57
0.3333333333333333,0.5833333333333334,0.0,1.0,0.0,1.0,1.0,0.6,13.78,16.6
0.24999999999999992,0.6666666666666666,0.14285714285714285,1.0,0.0,0.0,1.0,0.6,14.07,16.11
0.24999999999999992,0.6666666666666666,0.14285714285714285,1.0,0.0,0.3333333333333333,1.0,0.6,14.03,15.47
0.24999999999999992,0.6666666666666666,0.14285714285714285,1.0,0.0,0.6666666666666666,1.0,0.6,13.94,16.7
0.24999999999999992,0.6666666666666666,0.14285714285714285,1.0,0.0,1.0,1.0,0.6,13.86,16.1
0.1944444444444443,0.75,0.2857142857142857,1.0,0.0,0.0,1.0,0.6,14.32,16.35
0.1944444444444443,0.75,0.2857142857142857,1.0,0.0,0.3333333333333333,1.0,0.6,14.56,15.84
0.1944444444444443,0.75,0.2857142857142857,1.0,0.0,0.6666666666666666,1.0,0.6,14.33,16.99
0.1944444444444443,0.75,0.2857142857142857,1.0,0.0,1.0,1.0,0.6,14.08,17.02
0.11111111111111122,0.8333333333333334,0.42857142857142855,1.0,0.0,0.0,1.0,0.6,15.16,17.04
0.11111111111111122,0.8333333333333334,0.42857142857142855,1.0,0.0,0.3333333333333333,1.0,0.6,15.18,17.63
0.11111111111111122,0.8333333333333334,0.42857142857142855,1.0,0.0,0.6666666666666666,1.0,0.6,14.72,18.1
0.11111111111111122,0.8333333333333334,0.42857142857142855,1.0,0.0,1.0,1.0,0.6,14.9,18.22
0.05555555555555561,0.9166666666666666,0.5714285714285714,1.0,0.0,0.0,1.0,0.6,18.48,20.78
0.05555555555555561,0.9166666666666666,0.5714285714285714,1.0,0.0,0.3333333333333333,1.0,0.6,18.71,20.72
0.05555555555555561,0.9166666666666666,0.5714285714285714,1.0,0.0,0.6666666666666666,1.0,0.6,18.48,21.54
0.05555555555555561,0.9166666666666666,0.5714285714285714,1.0,0.0,1.0,1.0,0.6,18.46,21.53
0.0,1.0,0.7142857142857143,1.0,0.0,0.0,1.0,0.6,16.47,16.9
0.0,1.0,0.7142857142857143,1.0,0.0,0.3333333333333333,1.0,0.6,16.35,17.14
0.0,1.0,0.7142857142857143,1.0,0.0,0.6666666666666666,1.0,0.6,16.55,16.56
0.0,1.0,0.7142857142857143,1.0,0.0,1.0,1.0,0.6,16.74,16.0
1.0,0.0,0.2857142857142857,0.0,1.0,0.0,1.0,0.8,32.85,32.95
1.0,0.0,0.2857142857142857,0.0,1.0,0.3333333333333333,1.0,0.8,32.67,33.06
1.0,0.0,0.2857142857142857,0.0,1.0,0.6666666666666666,1.0,0.8,32.21,33.95
1.0,0.0,0.2857142857142857,0.0,1.0,1.0,1.0,0.8,32.74,33.88
0.7777777777777779,0.16666666666666666,0.42857142857142855,0.1111111111111111,1.0,0.0,1.0,0.8,36.45,33.98
0.7777777777777779,0.16666666666666666,0.42857142857142855,0.1111111111111111,1.0,0.3333333333333333,1.0,0.8,35.73,39.92
0.7777777777777779,0.16666666666666666,0.42857142857142855,0.1111111111111111,1.0,0.6666666666666666,1.0,0.8,35.4,39.22
0.7777777777777779,0.16666666666666666,0.42857142857142855,0.1111111111111111,1.0,1.0,1.0,0.8,36.57,36.1
0.6666666666666666,0.25,0.2857142857142857,0.3333333333333333,1.0,0.0,1.0,0.8,32.38,31.53
0.6666666666666666,0.25,0.2857142857142857,0.3333333333333333,1.0,0.3333333333333333,1.0,0.8,31.66,36.2
0.6666666666666666,0.25,0.2857142857142857,0.3333333333333333,1.0,0.6666666666666666,1.0,0.8,32.15,36.21
0.6666666666666666,0.25,0.2857142857142857,0.3333333333333333,1.0,1.0,1.0,0.8,32.75,31.0
0.5555555555555555,0.3333333333333333,0.42857142857142855,0.3333333333333333,1.0,0.0,1.0,0.8,28.93,28.2
0.5555555555555555,0.3333333333333333,0.42857142857142855,0.3333333333333333,1.0,0.3333333333333333,1.0,0.8,28.05,32.35
0.5555555555555555,0.3333333333333333,0.42857142857142855,0.3333333333333333,1.0,0.6666666666666666,1.0,0.8,28.64,31.14
0.5555555555555555,0.3333333333333333,0.42857142857142855,0.3333333333333333,1.0,1.0,1.0,0.8,29.52,28.43
0.4722222222222224,0.4166666666666667,0.5714285714285714,0.3333333333333333,1.0,0.0,1.0,0.8,42.77,38.33
0.4722222222222224,0.4166666666666667,0.5714285714285714,0.3333333333333333,1.0,0.3333333333333333,1.0,0.8,41.73,47.59
0.4722222222222224,0.4166666666666667,0.5714285714285714,0.3333333333333333,1.0,0.6666666666666666,1.0,0.8,41.32,46.23
0.4722222222222224,0.4166666666666667,0.5714285714285714,0.3333333333333333,1.0,1.0,1.0,0.8,42.96,39.56
0.38888888888888895,0.5,1.0,0.1111111111111111,1.0,0.0,1.0,0.8,40.68,40.36
0.38888888888888895,0.5,1.0,0.1111111111111111,1.0,0.3333333333333333,1.0,0.8,40.4,39.67
0.38888888888888895,0.5,1.0,0.1111111111111111,1.0,0.6666666666666666,1.0,0.8,40.6,39.85
0.38888888888888895,0.5,1.0,0.1111111111111111,1.0,1.0,1.0,0.8,40.11,40.77
0.3333333333333333,0.5833333333333334,0.0,1.0,0.0,0.0,1.0,0.8,14.37,16.61
0.3333333333333333,0.5833333333333334,0.0,1.0,0.0,0.3333333333333333,1.0,0.8,14.48,16.74
0.3333333333333333,0.5833333333333334,0.0,1.0,0.0,0.6666666666666666,1.0,0.8,14.32,16.9
0.3333333333333333,0.5833333333333334,0.0,1.0,0.0,1.0,1.0,0.8,14.44,17.32
0.24999999999999992,0.6666666666666666,0.14285714285714285,1.0,0.0,0.0,1.0,0.8,14.6,16.85
0.24999999999999992,0.6666666666666666,0.14285714285714285,1.0,0.0,0.3333333333333333,1.0,0.8,14.7,17.2
0.24999999999999992,0.6666666666666666,0.14285714285714285,1.0,0.0,0.6666666666666666,1.0,0.8,14.47,17.23
0.24999999999999992,0.6666666666666666,0.14285714285714285,1.0,0.0,1.0,1.0,0.8,14.66,17.74
0.1944444444444443,0.75,0.2857142857142857,1.0,0.0,0.0,1.0,0.8,14.54,16.81
0.1944444444444443,0.75,0.2857142857142857,1.0,0.0,0.3333333333333333,1.0,0.8,14.62,16.88
0.1944444444444443,0.75,0.2857142857142857,1.0,0.0,0.6666666666666666,1.0,0.8,14.53,16.9
0.1944444444444443,0.75,0.2857142857142857,1.0,0.0,1.0,1.0,0.8,14.71,17.39
0.11111111111111122,0.8333333333333334,0.42857142857142855,1.0,0.0,0.0,1.0,0.8,15.34,17.86
0.11111111111111122,0.8333333333333334,0.42857142857142855,1.0,0.0,0.3333333333333333,1.0,0.8,15.29,17.82
0.11111111111111122,0.8333333333333334,0.42857142857142855,1.0,0.0,0.6666666666666666,1.0,0.8,15.09,18.36
0.11111111111111122,0.8333333333333334,0.42857142857142855,1.0,0.0,1.0,1.0,0.8,15.3,18.24
0.05555555555555561,0.9166666666666666,0.5714285714285714,1.0,0.0,0.0,1.0,0.8,19.06,21.68
0.05555555555555561,0.9166666666666666,0.5714285714285714,1.0,0.0,0.3333333333333333,1.0,0.8,19.13,21.54
0.05555555555555561,0.9166666666666666,0.5714285714285714,1.0,0.0,0.6666666666666666,1.0,0.8,19.0,22.25
0.05555555555555561,0.9166666666666666,0.5714285714285714,1.0,0.0,1.0,1.0,0.8,18.84,22.49
0.0,1.0,0.7142857142857143,1.0,0.0,0.0,1.0,0.8,16.44,17.1
0.0,1.0,0.7142857142857143,1.0,0.0,0.3333333333333333,1.0,0.8,16.9,16.79
0.0,1.0,0.7142857142857143,1.0,0.0,0.6666666666666666,1.0,0.8,16.94,16.58
0.0,1.0,0.7142857142857143,1.0,0.0,1.0,1.0,0.8,16.77,16.79
1.0,0.0,0.2857142857142857,0.0,1.0,0.0,1.0,1.0,32.84,32.88
1.0,0.0,0.2857142857142857,0.0,1.0,0.3333333333333333,1.0,1.0,32.72,33.23
1.0,0.0,0.2857142857142857,0.0,1.0,0.6666666666666666,1.0,1.0,32.21,33.76
1.0,0.0,0.2857142857142857,0.0,1.0,1.0,1.0,1.0,32.73,34.01
0.7777777777777779,0.16666666666666666,0.42857142857142855,0.1111111111111111,1.0,0.0,1.0,1.0,35.67,33.94
0.7777777777777779,0.16666666666666666,0.42857142857142855,0.1111111111111111,1.0,0.3333333333333333,1.0,1.0,35.01,33.14
0.7777777777777779,0.16666666666666666,0.42857142857142855,0.1111111111111111,1.0,0.6666666666666666,1.0,1.0,34.72,38.79
0.7777777777777779,0.16666666666666666,0.42857142857142855,0.1111111111111111,1.0,1.0,1.0,1.0,35.24,37.27
0.6666666666666666,0.25,0.2857142857142857,0.3333333333333333,1.0,0.0,1.0,1.0,32.31,29.69
0.6666666666666666,0.25,0.2857142857142857,0.3333333333333333,1.0,0.3333333333333333,1.0,1.0,31.81,31.2
0.6666666666666666,0.25,0.2857142857142857,0.3333333333333333,1.0,0.6666666666666666,1.0,1.0,31.12,36.26
0.6666666666666666,0.25,0.2857142857142857,0.3333333333333333,1.0,1.0,1.0,1.0,32.06,35.71
0.5555555555555555,0.3333333333333333,0.42857142857142855,0.3333333333333333,1.0,0.0,1.0,1.0,30.0,29.93
0.5555555555555555,0.3333333333333333,0.42857142857142855,0.3333333333333333,1.0,0.3333333333333333,1.0,1.0,29.5,29.56
0.5555555555555555,0.3333333333333333,0.42857142857142855,0.3333333333333333,1.0,0.6666666666666666,1.0,1.0,29.06,33.84
0.5555555555555555,0.3333333333333333,0.42857142857142855,0.3333333333333333,1.0,1.0,1.0,1.0,29.92,32.54
0.4722222222222224,0.4166666666666667,0.5714285714285714,0.3333333333333333,1.0,0.0,1.0,1.0,42.11,38.56
0.4722222222222224,0.4166666666666667,0.5714285714285714,0.3333333333333333,1.0,0.3333333333333333,1.0,1.0,41.96,37.7
0.4722222222222224,0.4166666666666667,0.5714285714285714,0.3333333333333333,1.0,0.6666666666666666,1.0,1.0,41.09,47.01
0.4722222222222224,0.4166666666666667,0.5714285714285714,0.3333333333333333,1.0,1.0,1.0,1.0,40.79,44.87
0.38888888888888895,0.5,1.0,0.1111111111111111,1.0,0.0,1.0,1.0,38.82,39.37
0.38888888888888895,0.5,1.0,0.1111111111111111,1.0,0.3333333333333333,1.0,1.0,39.72,39.8
0.38888888888888895,0.5,1.0,0.1111111111111111,1.0,0.6666666666666666,1.0,1.0,39.31,37.79
0.38888888888888895,0.5,1.0,0.1111111111111111,1.0,1.0,1.0,1.0,39.86,38.18
0.3333333333333333,0.5833333333333334,0.0,1.0,0.0,0.0,1.0,1.0,14.41,16.69
0.3333333333333333,0.5833333333333334,0.0,1.0,0.0,0.3333333333333333,1.0,1.0,14.19,16.62
0.3333333333333333,0.5833333333333334,0.0,1.0,0.0,0.6666666666666666,1.0,1.0,14.17,16.94
0.3333333333333333,0.5833333333333334,0.0,1.0,0.0,1.0,1.0,1.0,14.39,16.7
0.24999999999999992,0.6666666666666666,0.14285714285714285,1.0,0.0,0.0,1.0,1.0,12.43,15.59
0.24999999999999992,0.6666666666666666,0.14285714285714285,1.0,0.0,0.3333333333333333,1.0,1.0,12.63,14.58
0.24999999999999992,0.6666666666666666,0.14285714285714285,1.0,0.0,0.6666666666666666,1.0,1.0,12.76,15.33
0.24999999999999992,0.6666666666666666,0.14285714285714285,1.0,0.0,1.0,1.0,1.0,12.42,15.31
0.1944444444444443,0.75,0.2857142857142857,1.0,0.0,0.0,1.0,1.0,14.12,16.63
0.1944444444444443,0.75,0.2857142857142857,1.0,0.0,0.3333333333333333,1.0,1.0,14.28,15.87
0.1944444444444443,0.75,0.2857142857142857,1.0,0.0,0.6666666666666666,1.0,1.0,14.37,16.54
0.1944444444444443,0.75,0.2857142857142857,1.0,0.0,1.0,1.0,1.0,14.21,16.74
0.11111111111111122,0.8333333333333334,0.42857142857142855,1.0,0.0,0.0,1.0,1.0,14.96,17.64
0.11111111111111122,0.8333333333333334,0.42857142857142855,1.0,0.0,0.3333333333333333,1.0,1.0,14.92,17.79
0.11111111111111122,0.8333333333333334,0.42857142857142855,1.0,0.0,0.6666666666666666,1.0,1.0,14.92,17.55
0.11111111111111122,0.8333333333333334,0.42857142857142855,1.0,0.0,1.0,1.0,1.0,15.16,18.06
0.05555555555555561,0.9166666666666666,0.5714285714285714,1.0,0.0,0.0,1.0,1.0,17.69,20.82
0.05555555555555561,0.9166666666666666,0.5714285714285714,1.0,0.0,0.3333333333333333,1.0,1.0,18.19,20.21
0.05555555555555561,0.9166666666666666,0.5714285714285714,1.0,0.0,0.6666666666666666,1.0,1.0,18.16,20.71
0.05555555555555561,0.9166666666666666,0.5714285714285714,1.0,0.0,1.0,1.0,1.0,17.88,21.4
0.0,1.0,0.7142857142857143,1.0,0.0,0.0,1.0,1.0,16.54,16.88
0.0,1.0,0.7142857142857143,1.0,0.0,0.3333333333333333,1.0,1.0,16.44,17.11
0.0,1.0,0.7142857142857143,1.0,0.0,0.6666666666666666,1.0,1.0,16.48,16.61
0.0,1.0,0.7142857142857143,1.0,0.0,1.0,1.0,1.0,16.64,16.03
